i,j,x,y,z,g,f
0,0,912,8,0.00795913067314194,4167.0
0,0,81,26,0.2787695287403137,404.0
0,0,211,29,0.14508106416866082,328.0
0,0,45,5,0.3947418547165783,490.0
0,0,42,16,0.26108483199921384,440.0
0,0,1001,24,0.18810144755005154,726.0
0,0,196,10,0.2867969964459026,328.0
0,0,39,21,0.19726685853887957,433.0
0,0,521,7,0.2685659411454933,431.0
0,0,964,7,0.24257806257661535,748.0
0,0,192,21,0.2337060610440098,301.0
0,0,562,22,0.02991568579994531,646.0
0,0,629,20,0.3408204536163767,381.0
0,0,555,12,0.2639152903760867,406.0
0,0,419,19,0.35123911600123103,193.0
0,0,49,21,0.03288239249798054,486.0
0,0,693,9,0.2854552608487504,714.0
0,0,782,10,0.026399203465226423,1626.0
0,0,1026,10,0.034752071836184284,1451.0
0,0,450,9,0.015715823138030577,3951.0
0,0,719,29,0.048801120616410516,965.0
0,0,1094,9,0.26984821714930324,758.0
0,0,940,6,0.1694190560603854,838.0
0,0,92,10,0.11231008552801125,412.0
0,0,624,9,0.31277229040403864,375.0
0,0,961,6,0.22742693310635156,749.0
0,0,725,20,0.13997457813642927,840.0
0,0,968,20,0.02290507386804863,1716.0
0,0,974,24,0.35321920146896457,632.0
0,0,910,28,0.31352012112803,669.0
0,0,906,14,0.11364119499125543,816.0
0,0,390,18,0.17724361847176878,313.0
0,0,254,21,0.04572173675612624,261.0
0,0,1003,17,0.3280049306722126,642.0
0,0,533,25,0.08060818319330235,417.0
0,0,231,27,0.2815529036143909,295.0
0,0,331,23,0.3636562945506426,274.0
0,0,561,9,0.3399308453648483,366.0
0,0,672,30,0.3158609813931205,532.0
0,0,154,7,0.16112100485406258,399.0
0,1,419,19,0.35123911600123103,193.0
0,1,211,29,0.12256562334415154,288.0
0,1,561,28,0.31352012112803,348.0
0,1,910,9,0.3511898621430916,856.0
0,1,629,20,0.3408204536163767,381.0
0,1,196,10,0.2867969964459026,328.0
0,1,286,27,0.05913888186045708,312.0
0,1,254,21,0.04572173675612624,261.0
0,1,561,12,0.2639152903760867,368.0
0,1,555,9,0.3399308453648483,392.0
0,1,533,25,0.08060818319330235,417.0
0,1,231,27,0.2815529036143909,295.0
0,1,521,21,0.2337060610440098,390.0
0,1,192,7,0.2685659411454933,278.0
0,1,533,21,0.08060818319330235,434.0
0,1,192,25,0.2337060610440098,341.0
0,1,39,18,0.3947418547165783,942.0
0,1,211,30,0.16068164610219668,328.0
0,1,555,12,0.2639152903760867,406.0
0,1,624,9,0.31277229040403864,375.0
0,1,719,29,0.048801120616410516,965.0
0,1,408,28,0.3582962884148075,240.0
0,1,693,9,0.2854552608487504,714.0
0,1,331,23,0.3636562945506426,274.0
0,1,624,9,0.19726685853887957,418.0
0,1,95,22,0.31277229040403864,462.0
0,1,561,5,0.3947418547165783,346.0
0,1,29,22,0.3351020871155546,965.0
0,1,802,19,0.31277229040403864,634.0
0,1,419,9,0.33231270202072444,305.0
0,1,42,16,0.26108483199921384,440.0
0,1,1045,17,0.11447333506914481,873.0
0,1,562,22,0.02991568579994531,646.0
0,1,192,19,0.2380056716026658,402.0
0,1,92,10,0.11231008552801125,412.0
0,1,270,27,0.2301525757308856,305.0
0,1,196,23,0.3636562945506426,356.0
0,1,331,16,0.272790471002617,320.0
0,1,81,26,0.2787695287403137,404.0
0,1,561,9,0.3399308453648483,366.0
-1,1,419,19,0.35123911600123103,193.0
-1,1,408,28,0.3582962884148075,240.0
-1,1,254,21,0.04572173675612624,261.0
-1,1,331,23,0.3636562945506426,274.0
-1,1,192,7,0.2685659411454933,278.0
-1,1,211,29,0.12256562334415154,288.0
-1,1,231,27,0.2815529036143909,295.0
-1,1,192,21,0.2337060610440098,301.0
-1,1,270,27,0.2301525757308856,305.0
-1,1,419,9,0.33231270202072444,305.0
-1,1,286,27,0.05913888186045708,312.0
-1,1,390,18,0.17724361847176878,313.0
-1,1,331,16,0.272790471002617,320.0
-1,1,211,30,0.16068164610219668,328.0
-1,1,196,10,0.2867969964459026,328.0
-1,1,211,29,0.14508106416866082,328.0
-1,1,192,25,0.2337060610440098,341.0
-1,1,561,5,0.3947418547165783,346.0
-1,1,561,28,0.31352012112803,348.0
-1,1,196,23,0.3636562945506426,356.0
-1,1,561,9,0.3399308453648483,366.0
-1,1,561,12,0.2639152903760867,368.0
-1,1,624,9,0.31277229040403864,375.0
-1,1,629,20,0.3408204536163767,381.0
-1,1,521,21,0.2337060610440098,390.0
-1,1,555,9,0.3399308453648483,392.0
-1,1,154,7,0.16112100485406258,399.0
-1,1,192,19,0.2380056716026658,402.0
-1,1,81,26,0.2787695287403137,404.0
-1,1,555,12,0.2639152903760867,406.0
-1,1,92,10,0.11231008552801125,412.0
-1,1,533,25,0.08060818319330235,417.0
-1,1,624,9,0.19726685853887957,418.0
-1,1,521,7,0.2685659411454933,431.0
-1,1,39,21,0.19726685853887957,433.0
-1,1,533,21,0.08060818319330235,434.0
-1,1,42,16,0.26108483199921384,440.0
-1,1,95,22,0.31277229040403864,462.0
-1,1,49,21,0.03288239249798054,486.0
-1,1,45,5,0.3947418547165783,490.0
0,2,211,24,0.12256562334415154,260.0
0,2,331,17,0.3636562945506426,245.0
0,2,211,29,0.12256562334415154,288.0
0,2,331,16,0.272790471002617,320.0
0,2,521,28,0.22038947162995812,403.0
0,2,192,25,0.2337060610440098,341.0
0,2,286,27,0.05913888186045708,312.0
0,2,541,5,0.39443076090668544,389.0
0,2,132,18,0.2639152903760867,492.0
0,2,561,10,0.2867969964459026,358.0
0,2,270,21,0.06878458859654853,326.0
0,2,254,27,0.2301525757308856,297.0
0,2,624,20,0.31277229040403864,332.0
0,2,629,9,0.3302597735639513,347.0
0,2,25,7,0.3315589299987143,402.0
0,2,555,9,0.2685659411454933,411.0
0,2,254,21,0.04572173675612624,261.0
0,2,138,21,0.04572173675612624,334.0
0,2,196,23,0.3636562945506426,356.0
0,2,331,30,0.3636562945506426,328.0
0,2,419,7,0.33231270202072444,268.0
0,2,192,7,0.2685659411454933,278.0
0,2,161,28,0.04572173675612624,309.0
0,2,408,21,0.3582962884148075,319.0
0,2,196,21,0.04572173675612624,252.0
0,2,287,10,0.2867969964459026,322.0
0,2,561,5,0.3636562945506426,396.0
0,2,196,23,0.3947418547165783,407.0
0,2,561,7,0.2685659411454933,349.0
0,2,192,28,0.31352012112803,419.0
0,2,270,27,0.3582962884148075,327.0
0,2,408,28,0.2301525757308856,301.0
0,2,419,19,0.3399308453648483,260.0
0,2,561,9,0.35123911600123103,409.0
0,2,383,30,0.2301525757308856,270.0
0,2,211,30,0.12256562334415154,294.0
0,2,270,27,0.2301525757308856,305.0
0,2,470,9,0.33231270202072444,433.0
0,2,419,9,0.16068164610219668,297.0
0,2,211,30,0.33231270202072444,346.0
-1,2,419,19,0.35123911600123103,193.0
-1,2,408,28,0.3582962884148075,240.0
-1,2,331,17,0.3636562945506426,245.0
-1,2,196,21,0.04572173675612624,252.0
-1,2,419,19,0.3399308453648483,260.0
-1,2,211,24,0.12256562334415154,260.0
-1,2,254,21,0.04572173675612624,261.0
-1,2,419,7,0.33231270202072444,268.0
-1,2,383,30,0.2301525757308856,270.0
-1,2,331,23,0.3636562945506426,274.0
-1,2,192,7,0.2685659411454933,278.0
-1,2,211,29,0.12256562334415154,288.0
-1,2,211,30,0.12256562334415154,294.0
-1,2,231,27,0.2815529036143909,295.0
-1,2,419,9,0.16068164610219668,297.0
-1,2,254,27,0.2301525757308856,297.0
-1,2,408,28,0.2301525757308856,301.0
-1,2,192,21,0.2337060610440098,301.0
-1,2,270,27,0.2301525757308856,305.0
-1,2,419,9,0.33231270202072444,305.0
-1,2,161,28,0.04572173675612624,309.0
-1,2,286,27,0.05913888186045708,312.0
-1,2,390,18,0.17724361847176878,313.0
-1,2,408,21,0.3582962884148075,319.0
-1,2,331,16,0.272790471002617,320.0
-1,2,287,10,0.2867969964459026,322.0
-1,2,270,21,0.06878458859654853,326.0
-1,2,270,27,0.3582962884148075,327.0
-1,2,331,30,0.3636562945506426,328.0
-1,2,211,30,0.16068164610219668,328.0
-1,2,196,10,0.2867969964459026,328.0
-1,2,211,29,0.14508106416866082,328.0
-1,2,624,20,0.31277229040403864,332.0
-1,2,138,21,0.04572173675612624,334.0
-1,2,192,25,0.2337060610440098,341.0
-1,2,211,30,0.33231270202072444,346.0
-1,2,561,5,0.3947418547165783,346.0
-1,2,629,9,0.3302597735639513,347.0
-1,2,561,28,0.31352012112803,348.0
-1,2,561,7,0.2685659411454933,349.0
0,3,211,24,0.12256562334415154,260.0
0,3,211,29,0.12256562334415154,288.0
0,3,192,7,0.3636562945506426,323.0
0,3,561,5,0.27952035117062435,401.0
0,3,408,28,0.2301525757308856,301.0
0,3,419,19,0.3399308453648483,260.0
0,3,331,17,0.3636562945506426,245.0
0,3,419,19,0.3399308453648483,260.0
0,3,561,10,0.2867969964459026,358.0
0,3,211,24,0.12256562334415154,260.0
0,3,629,7,0.3302597735639513,375.0
0,3,598,9,0.3294046847299078,356.0
0,3,419,19,0.3399308453648483,260.0
0,3,161,28,0.04572173675612624,309.0
0,3,484,19,0.2301525757308856,481.0
0,3,421,20,0.3399308453648483,351.0
0,3,254,28,0.04572173675612624,240.0
0,3,161,21,0.04572173675612624,282.0
0,3,419,24,0.34963713926527396,301.0
0,3,374,21,0.3582962884148075,331.0
0,3,419,21,0.16068164610219668,264.0
0,3,408,9,0.3582962884148075,305.0
0,3,196,21,0.2685659411454933,410.0
0,3,192,7,0.04572173675612624,240.0
0,3,419,7,0.33231270202072444,268.0
0,3,138,21,0.04572173675612624,334.0
0,3,383,30,0.2301525757308856,270.0
0,3,213,24,0.12256562334415154,276.0
0,3,25,7,0.3315589299987143,402.0
0,3,192,7,0.2685659411454933,278.0
0,3,276,20,0.05913888186045708,371.0
0,3,286,28,0.2301525757308856,317.0
0,3,419,19,0.3399308453648483,260.0
0,3,624,20,0.3228752758715372,338.0
0,3,196,24,0.12256562334415154,321.0
0,3,211,21,0.04572173675612624,267.0
0,3,419,9,0.16068164610219668,297.0
0,3,561,10,0.2867969964459026,358.0
0,3,509,21,0.040424623624092416,583.0
0,3,196,20,0.31277229040403864,404.0
-1,3,419,19,0.35123911600123103,193.0
-1,3,192,7,0.04572173675612624,240.0
-1,3,254,28,0.04572173675612624,240.0
-1,3,408,28,0.3582962884148075,240.0
-1,3,331,17,0.3636562945506426,245.0
-1,3,196,21,0.04572173675612624,252.0
-1,3,419,19,0.3399308453648483,260.0
-1,3,211,24,0.12256562334415154,260.0
-1,3,254,21,0.04572173675612624,261.0
-1,3,419,21,0.16068164610219668,264.0
-1,3,211,21,0.04572173675612624,267.0
-1,3,419,7,0.33231270202072444,268.0
-1,3,383,30,0.2301525757308856,270.0
-1,3,331,23,0.3636562945506426,274.0
-1,3,213,24,0.12256562334415154,276.0
-1,3,192,7,0.2685659411454933,278.0
-1,3,161,21,0.04572173675612624,282.0
-1,3,211,29,0.12256562334415154,288.0
-1,3,211,30,0.12256562334415154,294.0
-1,3,231,27,0.2815529036143909,295.0
-1,3,419,9,0.16068164610219668,297.0
-1,3,254,27,0.2301525757308856,297.0
-1,3,419,24,0.34963713926527396,301.0
-1,3,408,28,0.2301525757308856,301.0
-1,3,192,21,0.2337060610440098,301.0
-1,3,408,9,0.3582962884148075,305.0
-1,3,270,27,0.2301525757308856,305.0
-1,3,419,9,0.33231270202072444,305.0
-1,3,161,28,0.04572173675612624,309.0
-1,3,286,27,0.05913888186045708,312.0
-1,3,390,18,0.17724361847176878,313.0
-1,3,286,28,0.2301525757308856,317.0
-1,3,408,21,0.3582962884148075,319.0
-1,3,331,16,0.272790471002617,320.0
-1,3,196,24,0.12256562334415154,321.0
-1,3,287,10,0.2867969964459026,322.0
-1,3,192,7,0.3636562945506426,323.0
-1,3,270,21,0.06878458859654853,326.0
-1,3,270,27,0.3582962884148075,327.0
-1,3,331,30,0.3636562945506426,328.0
0,4,323,5,0.03088083260680386,501.0
0,4,331,17,0.3657841541682153,309.0
0,4,213,28,0.04572173675612624,223.0
0,4,254,21,0.04572173675612624,261.0
0,4,624,9,0.3294046847299078,321.0
0,4,598,15,0.3228752758715372,352.0
0,4,254,28,0.33231270202072444,287.0
0,4,419,7,0.039984446792882045,422.0
0,4,161,24,0.12256562334415154,365.0
0,4,211,21,0.04572173675612624,267.0
0,4,192,19,0.2685659411454933,356.0
0,4,419,7,0.3399308453648483,270.0
0,4,419,21,0.16068164610219668,264.0
0,4,211,29,0.12256562334415154,288.0
0,4,126,28,0.061273984358783576,423.0
0,4,286,30,0.22181006955721355,309.0
0,4,211,21,0.04572173675612624,267.0
0,4,419,21,0.04572173675612624,324.0
0,4,161,21,0.12256562334415154,338.0
0,4,277,24,0.03246946526288757,386.0
0,4,419,19,0.3399308453648483,260.0
0,4,563,19,0.34068062851466085,362.0
0,4,419,30,0.2301525757308856,250.0
0,4,383,24,0.34963713926527396,279.0
0,4,231,7,0.04645534938999687,370.0
0,4,192,7,0.04572173675612624,240.0
0,4,419,5,0.16811028414359602,329.0
0,4,419,9,0.16068164610219668,297.0
0,4,419,19,0.3399308453648483,260.0
0,4,419,19,0.3399308453648483,260.0
0,4,211,19,0.3399308453648483,314.0
0,4,419,24,0.12256562334415154,288.0
0,4,161,24,0.04572173675612624,225.0
0,4,211,28,0.12256562334415154,271.0
0,4,192,7,0.04572173675612624,240.0
0,4,192,7,0.04572173675612624,240.0
0,4,211,12,0.04572173675612624,244.0
0,4,76,18,0.04244566745933276,426.0
0,4,323,20,0.12485875197021311,230.0
0,4,624,29,0.3228752758715372,374.0
-1,4,419,19,0.35123911600123103,193.0
-1,4,213,28,0.04572173675612624,223.0
-1,4,161,24,0.04572173675612624,225.0
-1,4,323,20,0.12485875197021311,230.0
-1,4,192,7,0.04572173675612624,240.0
-1,4,254,28,0.04572173675612624,240.0
-1,4,408,28,0.3582962884148075,240.0
-1,4,211,12,0.04572173675612624,244.0
-1,4,331,17,0.3636562945506426,245.0
-1,4,419,30,0.2301525757308856,250.0
-1,4,196,21,0.04572173675612624,252.0
-1,4,419,19,0.3399308453648483,260.0
-1,4,211,24,0.12256562334415154,260.0
-1,4,254,21,0.04572173675612624,261.0
-1,4,419,21,0.16068164610219668,264.0
-1,4,211,21,0.04572173675612624,267.0
-1,4,419,7,0.33231270202072444,268.0
-1,4,419,7,0.3399308453648483,270.0
-1,4,383,30,0.2301525757308856,270.0
-1,4,211,28,0.12256562334415154,271.0
-1,4,331,23,0.3636562945506426,274.0
-1,4,213,24,0.12256562334415154,276.0
-1,4,192,7,0.2685659411454933,278.0
-1,4,383,24,0.34963713926527396,279.0
-1,4,161,21,0.04572173675612624,282.0
-1,4,254,28,0.33231270202072444,287.0
-1,4,419,24,0.12256562334415154,288.0
-1,4,211,29,0.12256562334415154,288.0
-1,4,211,30,0.12256562334415154,294.0
-1,4,231,27,0.2815529036143909,295.0
-1,4,419,9,0.16068164610219668,297.0
-1,4,254,27,0.2301525757308856,297.0
-1,4,419,24,0.34963713926527396,301.0
-1,4,408,28,0.2301525757308856,301.0
-1,4,192,21,0.2337060610440098,301.0
-1,4,408,9,0.3582962884148075,305.0
-1,4,270,27,0.2301525757308856,305.0
-1,4,419,9,0.33231270202072444,305.0
-1,4,286,30,0.22181006955721355,309.0
-1,4,331,17,0.3657841541682153,309.0
0,5,211,19,0.04572173675612624,239.0
0,5,419,12,0.3399308453648483,298.0
0,5,327,12,0.049925779740948986,313.0
0,5,272,24,0.04572173675612624,352.0
0,5,419,19,0.3399308453648483,260.0
0,5,419,19,0.3399308453648483,260.0
0,5,211,12,0.04572173675612624,244.0
0,5,192,7,0.04572173675612624,240.0
0,5,383,24,0.34963713926527396,279.0
0,5,192,7,0.04572173675612624,240.0
0,5,584,30,0.34643314902714767,326.0
0,5,211,14,0.3342631421842401,323.0
0,5,251,7,0.04572173675612624,314.0
0,5,254,21,0.04572173675612624,261.0
0,5,192,7,0.04572173675612624,240.0
0,5,419,7,0.3399308453648483,270.0
0,5,419,21,0.04572173675612624,324.0
0,5,323,20,0.12485875197021311,230.0
0,5,192,7,0.04572173675612624,240.0
0,5,68,7,0.04572173675612624,465.0
0,5,161,19,0.04510486888490099,283.0
0,5,475,24,0.33196105726978903,442.0
0,5,242,22,0.04572173675612624,281.0
0,5,192,14,0.04572173675612624,302.0
0,5,247,7,0.04572173675612624,309.0
0,5,161,24,0.04572173675612624,225.0
0,5,471,19,0.3399308453648483,515.0
0,5,419,7,0.3399308453648483,270.0
0,5,419,19,0.34068062851466085,244.0
0,5,563,30,0.2301525757308856,414.0
0,5,624,9,0.3390317233756396,344.0
0,5,211,12,0.04572173675612624,244.0
0,5,173,28,0.04572173675612624,314.0
0,5,264,7,0.32907013770688354,283.0
0,5,314,28,0.1289151061298546,256.0
0,5,419,21,0.16068164610219668,264.0
0,5,419,30,0.2301525757308856,250.0
0,5,419,19,0.3399308453648483,260.0
0,5,211,19,0.04572173675612624,250.0
0,5,419,21,0.3399308453648483,267.0
-1,5,419,19,0.35123911600123103,193.0
-1,5,213,28,0.04572173675612624,223.0
-1,5,161,24,0.04572173675612624,225.0
-1,5,323,20,0.12485875197021311,230.0
-1,5,211,19,0.04572173675612624,239.0
-1,5,192,7,0.04572173675612624,240.0
-1,5,254,28,0.04572173675612624,240.0
-1,5,408,28,0.3582962884148075,240.0
-1,5,419,19,0.34068062851466085,244.0
-1,5,211,12,0.04572173675612624,244.0
-1,5,331,17,0.3636562945506426,245.0
-1,5,419,30,0.2301525757308856,250.0
-1,5,196,21,0.04572173675612624,252.0
-1,5,314,28,0.1289151061298546,256.0
-1,5,419,19,0.3399308453648483,260.0
-1,5,211,24,0.12256562334415154,260.0
-1,5,254,21,0.04572173675612624,261.0
-1,5,419,21,0.16068164610219668,264.0
-1,5,419,21,0.3399308453648483,267.0
-1,5,211,21,0.04572173675612624,267.0
-1,5,419,7,0.33231270202072444,268.0
-1,5,419,7,0.3399308453648483,270.0
-1,5,383,30,0.2301525757308856,270.0
-1,5,211,28,0.12256562334415154,271.0
-1,5,331,23,0.3636562945506426,274.0
-1,5,213,24,0.12256562334415154,276.0
-1,5,192,7,0.2685659411454933,278.0
-1,5,383,24,0.34963713926527396,279.0
-1,5,242,22,0.04572173675612624,281.0
-1,5,161,21,0.04572173675612624,282.0
-1,5,264,7,0.32907013770688354,283.0
-1,5,161,19,0.04510486888490099,283.0
-1,5,254,28,0.33231270202072444,287.0
-1,5,419,24,0.12256562334415154,288.0
-1,5,211,29,0.12256562334415154,288.0
-1,5,211,30,0.12256562334415154,294.0
-1,5,231,27,0.2815529036143909,295.0
-1,5,419,9,0.16068164610219668,297.0
-1,5,254,27,0.2301525757308856,297.0
-1,5,419,12,0.3399308453648483,298.0
0,6,211,21,0.05683653300990962,282.0
0,6,231,19,0.03597230834604975,269.0
0,6,192,21,0.04572173675612624,296.0
0,6,419,7,0.04572173675612624,540.0
0,6,419,19,0.322617209493783,310.0
0,6,161,24,0.04572173675612624,225.0
0,6,192,7,0.04572173675612624,240.0
0,6,192,7,0.0450296359044699,308.0
0,6,207,19,0.04572173675612624,260.0
0,6,161,24,0.04510486888490099,317.0
0,6,419,30,0.2301525757308856,250.0
0,6,419,30,0.15822187649414757,265.0
0,6,192,7,0.04572173675612624,240.0
0,6,192,20,0.05647828198796197,240.0
0,6,192,7,0.04572173675612624,240.0
0,6,419,19,0.34068062851466085,244.0
0,6,419,30,0.2301525757308856,250.0
0,6,239,24,0.04572173675612624,245.0
0,6,446,14,0.04037258005391352,494.0
0,6,192,7,0.3399308453648483,339.0
0,6,192,9,0.06205468808575146,240.0
0,6,419,7,0.3399308453648483,270.0
0,6,419,21,0.23723710103789797,313.0
0,6,435,30,0.3297365907020334,316.0
0,6,525,30,0.3430336363338103,378.0
0,6,151,7,0.04572173675612624,268.0
0,6,383,24,0.34963713926527396,279.0
0,6,211,5,0.018189018314359387,4217.0
0,6,192,5,0.04372638545954598,256.0
0,6,483,20,0.12485875197021311,485.0
0,6,254,20,0.04572173675612624,269.0
0,6,233,13,0.04572173675612624,314.0
0,6,385,16,0.12485875197021311,358.0
0,6,323,30,0.34643314902714767,287.0
0,6,211,16,0.04572173675612624,270.0
0,6,419,21,0.3399308453648483,267.0
0,6,314,28,0.1289151061298546,256.0
0,6,119,28,0.13833231902764792,387.0
0,6,211,17,0.2301525757308856,312.0
0,6,243,30,0.04572173675612624,306.0
-1,6,419,19,0.35123911600123103,193.0
-1,6,213,28,0.04572173675612624,223.0
-1,6,161,24,0.04572173675612624,225.0
-1,6,323,20,0.12485875197021311,230.0
-1,6,211,19,0.04572173675612624,239.0
-1,6,192,9,0.06205468808575146,240.0
-1,6,192,20,0.05647828198796197,240.0
-1,6,192,7,0.04572173675612624,240.0
-1,6,254,28,0.04572173675612624,240.0
-1,6,408,28,0.3582962884148075,240.0
-1,6,419,19,0.34068062851466085,244.0
-1,6,211,12,0.04572173675612624,244.0
-1,6,239,24,0.04572173675612624,245.0
-1,6,331,17,0.3636562945506426,245.0
-1,6,419,30,0.2301525757308856,250.0
-1,6,196,21,0.04572173675612624,252.0
-1,6,192,5,0.04372638545954598,256.0
-1,6,314,28,0.1289151061298546,256.0
-1,6,207,19,0.04572173675612624,260.0
-1,6,419,19,0.3399308453648483,260.0
-1,6,211,24,0.12256562334415154,260.0
-1,6,254,21,0.04572173675612624,261.0
-1,6,419,21,0.16068164610219668,264.0
-1,6,419,30,0.15822187649414757,265.0
-1,6,419,21,0.3399308453648483,267.0
-1,6,211,21,0.04572173675612624,267.0
-1,6,151,7,0.04572173675612624,268.0
-1,6,419,7,0.33231270202072444,268.0
-1,6,254,20,0.04572173675612624,269.0
-1,6,231,19,0.03597230834604975,269.0
-1,6,211,16,0.04572173675612624,270.0
-1,6,419,7,0.3399308453648483,270.0
-1,6,383,30,0.2301525757308856,270.0
-1,6,211,28,0.12256562334415154,271.0
-1,6,331,23,0.3636562945506426,274.0
-1,6,213,24,0.12256562334415154,276.0
-1,6,192,7,0.2685659411454933,278.0
-1,6,383,24,0.34963713926527396,279.0
-1,6,242,22,0.04572173675612624,281.0
-1,6,211,21,0.05683653300990962,282.0
0,7,192,30,0.04572173675612624,224.0
0,7,254,20,0.04572173675612624,269.0
0,7,419,30,0.2301525757308856,250.0
0,7,211,17,0.2301525757308856,312.0
0,7,419,30,0.15822187649414757,265.0
0,7,483,20,0.12485875197021311,485.0
0,7,419,14,0.34068062851466085,230.0
0,7,201,19,0.04572173675612624,339.0
0,7,192,7,0.04572173675612624,240.0
0,7,207,19,0.04572173675612624,260.0
0,7,151,21,0.04572173675612624,331.0
0,7,192,7,0.04572173675612624,240.0
0,7,192,7,0.04572173675612624,240.0
0,7,525,30,0.3430336363338103,378.0
0,7,192,30,0.0652413451983269,314.0
0,7,419,20,0.2301525757308856,281.0
0,7,192,25,0.04572173675612624,230.0
0,7,192,7,0.04572173675612624,240.0
0,7,419,30,0.2301525757308856,250.0
0,7,263,20,0.04996093696412664,308.0
0,7,419,30,0.2301525757308856,250.0
0,7,275,24,0.06262519603916589,293.0
0,7,112,8,0.07225623340712023,406.0
0,7,192,20,0.05647828198796197,240.0
0,7,254,20,0.04572173675612624,269.0
0,7,495,30,0.21850926811189633,473.0
0,7,192,7,0.04572173675612624,240.0
0,7,195,30,0.04869733103487979,274.0
0,7,95,15,0.027799525334000954,351.0
0,7,419,7,0.3399308453648483,270.0
0,7,419,5,0.3399308453648483,285.0
0,7,416,28,0.14289096598160803,277.0
0,7,211,20,0.04572173675612624,266.0
0,7,257,8,0.031064497725060862,411.0
0,7,192,17,0.05647828198796197,300.0
0,7,419,29,0.34068062851466085,313.0
0,7,161,7,0.04182738900932851,249.0
0,7,138,24,0.04572173675612624,385.0
0,7,192,20,0.04317900233966818,284.0
0,7,93,21,0.05647828198796197,507.0
-1,7,419,19,0.35123911600123103,193.0
-1,7,213,28,0.04572173675612624,223.0
-1,7,192,30,0.04572173675612624,224.0
-1,7,161,24,0.04572173675612624,225.0
-1,7,192,25,0.04572173675612624,230.0
-1,7,419,14,0.34068062851466085,230.0
-1,7,323,20,0.12485875197021311,230.0
-1,7,211,19,0.04572173675612624,239.0
-1,7,192,9,0.06205468808575146,240.0
-1,7,192,20,0.05647828198796197,240.0
-1,7,192,7,0.04572173675612624,240.0
-1,7,254,28,0.04572173675612624,240.0
-1,7,408,28,0.3582962884148075,240.0
-1,7,419,19,0.34068062851466085,244.0
-1,7,211,12,0.04572173675612624,244.0
-1,7,239,24,0.04572173675612624,245.0
-1,7,331,17,0.3636562945506426,245.0
-1,7,161,7,0.04182738900932851,249.0
-1,7,419,30,0.2301525757308856,250.0
-1,7,196,21,0.04572173675612624,252.0
-1,7,192,5,0.04372638545954598,256.0
-1,7,314,28,0.1289151061298546,256.0
-1,7,207,19,0.04572173675612624,260.0
-1,7,419,19,0.3399308453648483,260.0
-1,7,211,24,0.12256562334415154,260.0
-1,7,254,21,0.04572173675612624,261.0
-1,7,419,21,0.16068164610219668,264.0
-1,7,419,30,0.15822187649414757,265.0
-1,7,211,20,0.04572173675612624,266.0
-1,7,419,21,0.3399308453648483,267.0
-1,7,211,21,0.04572173675612624,267.0
-1,7,151,7,0.04572173675612624,268.0
-1,7,419,7,0.33231270202072444,268.0
-1,7,254,20,0.04572173675612624,269.0
-1,7,231,19,0.03597230834604975,269.0
-1,7,211,16,0.04572173675612624,270.0
-1,7,419,7,0.3399308453648483,270.0
-1,7,383,30,0.2301525757308856,270.0
-1,7,211,28,0.12256562334415154,271.0
-1,7,195,30,0.04869733103487979,274.0
0,8,156,20,0.04489399587362982,325.0
0,8,419,7,0.2301525757308856,298.0
0,8,419,7,0.03590197412106252,520.0
0,8,192,30,0.2301525757308856,371.0
0,8,192,25,0.04572173675612624,230.0
0,8,192,7,0.04572173675612624,240.0
0,8,416,30,0.14289096598160803,280.0
0,8,419,28,0.2301525757308856,262.0
0,8,419,30,0.2301525757308856,250.0
0,8,419,30,0.2301525757308856,250.0
0,8,161,7,0.04572173675612624,276.0
0,8,192,7,0.04182738900932851,240.0
0,8,211,20,0.04572173675612624,266.0
0,8,192,7,0.04572173675612624,240.0
0,8,419,7,0.2301525757308856,308.0
0,8,419,26,0.3399308453648483,246.0
0,8,419,5,0.04572173675612624,451.0
0,8,294,17,0.33207974989952965,339.0
0,8,416,14,0.14289096598160803,261.0
0,8,419,28,0.34068062851466085,323.0
0,8,207,19,0.04572173675612624,260.0
0,8,419,30,0.2301525757308856,250.0
0,8,195,29,0.04869733103487979,313.0
0,8,120,16,0.05647828198796197,375.0
0,8,419,30,0.04572173675612624,288.0
0,8,192,7,0.2301525757308856,339.0
0,8,192,30,0.04572173675612624,224.0
0,8,419,19,0.2301525757308856,269.0
0,8,192,7,0.04572173675612624,240.0
0,8,501,14,0.34068062851466085,419.0
0,8,264,7,0.04572173675612624,317.0
0,8,192,7,0.04572173675612624,240.0
0,8,207,19,0.04572173675612624,260.0
0,8,192,30,0.04572173675612624,224.0
0,8,511,20,0.22787569950513994,377.0
0,8,370,30,0.2301525757308856,302.0
0,8,419,20,0.05647828198796197,388.0
0,8,192,30,0.2301525757308856,391.0
0,8,239,30,0.04045791248538591,290.0
0,8,254,20,0.04572173675612624,269.0
-1,8,419,19,0.35123911600123103,193.0
-1,8,213,28,0.04572173675612624,223.0
-1,8,192,30,0.04572173675612624,224.0
-1,8,161,24,0.04572173675612624,225.0
-1,8,192,25,0.04572173675612624,230.0
-1,8,419,14,0.34068062851466085,230.0
-1,8,323,20,0.12485875197021311,230.0
-1,8,211,19,0.04572173675612624,239.0
-1,8,192,7,0.04182738900932851,240.0
-1,8,192,9,0.06205468808575146,240.0
-1,8,192,20,0.05647828198796197,240.0
-1,8,192,7,0.04572173675612624,240.0
-1,8,254,28,0.04572173675612624,240.0
-1,8,408,28,0.3582962884148075,240.0
-1,8,419,19,0.34068062851466085,244.0
-1,8,211,12,0.04572173675612624,244.0
-1,8,239,24,0.04572173675612624,245.0
-1,8,331,17,0.3636562945506426,245.0
-1,8,419,26,0.3399308453648483,246.0
-1,8,161,7,0.04182738900932851,249.0
-1,8,419,30,0.2301525757308856,250.0
-1,8,196,21,0.04572173675612624,252.0
-1,8,192,5,0.04372638545954598,256.0
-1,8,314,28,0.1289151061298546,256.0
-1,8,207,19,0.04572173675612624,260.0
-1,8,419,19,0.3399308453648483,260.0
-1,8,211,24,0.12256562334415154,260.0
-1,8,416,14,0.14289096598160803,261.0
-1,8,254,21,0.04572173675612624,261.0
-1,8,419,28,0.2301525757308856,262.0
-1,8,419,21,0.16068164610219668,264.0
-1,8,419,30,0.15822187649414757,265.0
-1,8,211,20,0.04572173675612624,266.0
-1,8,419,21,0.3399308453648483,267.0
-1,8,211,21,0.04572173675612624,267.0
-1,8,151,7,0.04572173675612624,268.0
-1,8,419,7,0.33231270202072444,268.0
-1,8,419,19,0.2301525757308856,269.0
-1,8,254,20,0.04572173675612624,269.0
-1,8,231,19,0.03597230834604975,269.0
0,9,198,7,0.04572173675612624,328.0
0,9,370,30,0.2301525757308856,302.0
0,9,192,19,0.04572173675612624,191.0
0,9,174,30,0.04572173675612624,295.0
0,9,193,7,0.04572173675612624,268.0
0,9,386,30,0.14289096598160803,318.0
0,9,161,30,0.04572173675612624,297.0
0,9,192,7,0.04572173675612624,240.0
0,9,192,7,0.04572173675612624,240.0
0,9,242,19,0.04572173675612624,272.0
0,9,340,14,0.04572173675612624,398.0
0,9,192,30,0.04572173675612624,224.0
0,9,192,30,0.04572173675612624,224.0
0,9,111,25,0.0285291253886763,400.0
0,9,192,25,0.3399308453648483,402.0
0,9,419,26,0.04572173675612624,316.0
0,9,192,7,0.04572173675612624,240.0
0,9,419,19,0.2301525757308856,269.0
0,9,207,19,0.04572173675612624,260.0
0,9,419,30,0.2301525757308856,250.0
0,9,161,7,0.04273202858870595,274.0
0,9,192,25,0.04402246963920601,295.0
0,9,419,7,0.2301525757308856,308.0
0,9,192,24,0.04100758481082454,255.0
0,9,192,7,0.04572173675612624,240.0
0,9,192,25,0.04572173675612624,230.0
0,9,192,30,0.2301525757308856,391.0
0,9,419,19,0.05405200991724077,339.0
0,9,497,26,0.22582958215442098,418.0
0,9,192,30,0.04572173675612624,224.0
0,9,192,20,0.04572173675612624,318.0
0,9,254,30,0.04572173675612624,276.0
0,9,419,30,0.14289096598160803,308.0
0,9,416,14,0.2301525757308856,291.0
0,9,192,27,0.04869733103487979,237.0
0,9,195,29,0.05619190107457072,321.0
0,9,416,7,0.14289096598160803,329.0
0,9,192,14,0.04572173675612624,302.0
0,9,192,7,0.04572173675612624,240.0
0,9,72,7,0.04182738900932851,403.0
-1,9,192,19,0.04572173675612624,191.0
-1,9,419,19,0.35123911600123103,193.0
-1,9,213,28,0.04572173675612624,223.0
-1,9,192,30,0.04572173675612624,224.0
-1,9,161,24,0.04572173675612624,225.0
-1,9,192,25,0.04572173675612624,230.0
-1,9,419,14,0.34068062851466085,230.0
-1,9,323,20,0.12485875197021311,230.0
-1,9,192,27,0.04869733103487979,237.0
-1,9,211,19,0.04572173675612624,239.0
-1,9,192,7,0.04182738900932851,240.0
-1,9,192,9,0.06205468808575146,240.0
-1,9,192,20,0.05647828198796197,240.0
-1,9,192,7,0.04572173675612624,240.0
-1,9,254,28,0.04572173675612624,240.0
-1,9,408,28,0.3582962884148075,240.0
-1,9,419,19,0.34068062851466085,244.0
-1,9,211,12,0.04572173675612624,244.0
-1,9,239,24,0.04572173675612624,245.0
-1,9,331,17,0.3636562945506426,245.0
-1,9,419,26,0.3399308453648483,246.0
-1,9,161,7,0.04182738900932851,249.0
-1,9,419,30,0.2301525757308856,250.0
-1,9,196,21,0.04572173675612624,252.0
-1,9,192,24,0.04100758481082454,255.0
-1,9,192,5,0.04372638545954598,256.0
-1,9,314,28,0.1289151061298546,256.0
-1,9,207,19,0.04572173675612624,260.0
-1,9,419,19,0.3399308453648483,260.0
-1,9,211,24,0.12256562334415154,260.0
-1,9,416,14,0.14289096598160803,261.0
-1,9,254,21,0.04572173675612624,261.0
-1,9,419,28,0.2301525757308856,262.0
-1,9,419,21,0.16068164610219668,264.0
-1,9,419,30,0.15822187649414757,265.0
-1,9,211,20,0.04572173675612624,266.0
-1,9,419,21,0.3399308453648483,267.0
-1,9,211,21,0.04572173675612624,267.0
-1,9,193,7,0.04572173675612624,268.0
-1,9,151,7,0.04572173675612624,268.0
0,10,207,19,0.04572173675612624,260.0
0,10,516,19,0.2301525757308856,403.0
0,10,96,5,0.04572173675612624,366.0
0,10,168,30,0.04572173675612624,291.0
0,10,192,10,0.04572173675612624,214.0
0,10,174,5,0.04572173675612624,304.0
0,10,192,30,0.06056543667998324,247.0
0,10,254,7,0.047479694057840804,255.0
0,10,244,30,0.03421632734237446,323.0
0,10,165,30,0.054913314367466555,281.0
0,10,192,25,0.04402246963920601,295.0
0,10,192,7,0.04572173675612624,240.0
0,10,192,30,0.03650956123944933,298.0
0,10,162,19,0.03417837753492791,242.0
0,10,192,30,0.04572173675612624,224.0
0,10,192,7,0.04572173675612624,240.0
0,10,192,30,0.04572173675612624,224.0
0,10,192,24,0.04100758481082454,255.0
0,10,370,30,0.2301525757308856,302.0
0,10,192,30,0.04572173675612624,224.0
0,10,192,30,0.04572173675612624,224.0
0,10,419,19,0.2301525757308856,269.0
0,10,242,19,0.04572173675612624,272.0
0,10,439,26,0.04572173675612624,332.0
0,10,192,7,0.04572173675612624,240.0
0,10,248,7,0.059222793010126326,271.0
0,10,207,19,0.04572173675612624,260.0
0,10,192,25,0.04402246963920601,295.0
0,10,197,24,0.0491383501628691,299.0
0,10,192,7,0.04572173675612624,240.0
0,10,192,7,0.04572173675612624,240.0
0,10,192,24,0.04100758481082454,255.0
0,10,386,25,0.14289096598160803,299.0
0,10,192,30,0.04572173675612624,224.0
0,10,192,27,0.04049068297826215,280.0
0,10,192,7,0.04869733103487979,275.0
0,10,192,27,0.04645634906896769,298.0
0,10,192,30,0.04869733103487979,237.0
0,10,270,7,0.049690370661776166,336.0
0,10,207,19,0.04572173675612624,260.0
-1,10,192,19,0.04572173675612624,191.0
-1,10,419,19,0.35123911600123103,193.0
-1,10,192,10,0.04572173675612624,214.0
-1,10,213,28,0.04572173675612624,223.0
-1,10,192,30,0.04572173675612624,224.0
-1,10,161,24,0.04572173675612624,225.0
-1,10,192,25,0.04572173675612624,230.0
-1,10,419,14,0.34068062851466085,230.0
-1,10,323,20,0.12485875197021311,230.0
-1,10,192,30,0.04869733103487979,237.0
-1,10,192,27,0.04869733103487979,237.0
-1,10,211,19,0.04572173675612624,239.0
-1,10,192,7,0.04182738900932851,240.0
-1,10,192,9,0.06205468808575146,240.0
-1,10,192,20,0.05647828198796197,240.0
-1,10,192,7,0.04572173675612624,240.0
-1,10,254,28,0.04572173675612624,240.0
-1,10,408,28,0.3582962884148075,240.0
-1,10,162,19,0.03417837753492791,242.0
-1,10,419,19,0.34068062851466085,244.0
-1,10,211,12,0.04572173675612624,244.0
-1,10,239,24,0.04572173675612624,245.0
-1,10,331,17,0.3636562945506426,245.0
-1,10,419,26,0.3399308453648483,246.0
-1,10,192,30,0.06056543667998324,247.0
-1,10,161,7,0.04182738900932851,249.0
-1,10,419,30,0.2301525757308856,250.0
-1,10,196,21,0.04572173675612624,252.0
-1,10,254,7,0.047479694057840804,255.0
-1,10,192,24,0.04100758481082454,255.0
-1,10,192,5,0.04372638545954598,256.0
-1,10,314,28,0.1289151061298546,256.0
-1,10,207,19,0.04572173675612624,260.0
-1,10,419,19,0.3399308453648483,260.0
-1,10,211,24,0.12256562334415154,260.0
-1,10,416,14,0.14289096598160803,261.0
-1,10,254,21,0.04572173675612624,261.0
-1,10,419,28,0.2301525757308856,262.0
-1,10,419,21,0.16068164610219668,264.0
-1,10,419,30,0.15822187649414757,265.0
0,11,145,30,0.057093021161276236,367.0
0,11,179,12,0.04823182013064198,262.0
0,11,192,10,0.04572173675612624,214.0
0,11,205,19,0.03417837753492791,312.0
0,11,192,30,0.04572173675612624,224.0
0,11,161,27,0.04572173675612624,264.0
0,11,192,25,0.04402246963920601,295.0
0,11,192,30,0.04572173675612624,224.0
0,11,192,7,0.04869733103487979,275.0
0,11,248,30,0.0669781385242835,257.0
0,11,354,26,0.05064620706499058,403.0
0,11,192,30,0.04572173675612624,224.0
0,11,192,10,0.04572173675612624,214.0
0,11,82,30,0.06262562319442036,454.0
0,11,192,30,0.04572173675612624,224.0
0,11,192,30,0.04572173675612624,224.0
0,11,192,30,0.04572173675612624,224.0
0,11,192,10,0.06056543667998324,271.0
0,11,192,7,0.04869733103487979,275.0
0,11,254,30,0.047479694057840804,259.0
0,11,192,30,0.04572173675612624,224.0
0,11,192,7,0.04572173675612624,240.0
0,11,138,16,0.0429104264624396,303.0
0,11,192,7,0.04572173675612624,240.0
0,11,390,30,0.04869733103487979,387.0
0,11,192,7,0.04572173675612624,240.0
0,11,192,30,0.04572173675612624,224.0
0,11,192,5,0.04572173675612624,325.0
0,11,207,19,0.04572173675612624,260.0
0,11,192,27,0.03942595684792884,249.0
0,11,192,7,0.04569214698297228,252.0
0,11,192,7,0.04572173675612624,240.0
0,11,192,10,0.04572173675612624,214.0
0,11,192,30,0.04572173675612624,224.0
0,11,192,7,0.06056543667998324,251.0
0,11,192,30,0.04572173675612624,224.0
0,11,73,7,0.0691029643883192,439.0
0,11,248,19,0.03417837753492791,300.0
0,11,160,28,0.04394021702083507,287.0
0,11,192,30,0.04572173675612624,224.0
-1,11,192,19,0.04572173675612624,191.0
-1,11,419,19,0.35123911600123103,193.0
-1,11,192,10,0.04572173675612624,214.0
-1,11,213,28,0.04572173675612624,223.0
-1,11,192,30,0.04572173675612624,224.0
-1,11,161,24,0.04572173675612624,225.0
-1,11,192,25,0.04572173675612624,230.0
-1,11,419,14,0.34068062851466085,230.0
-1,11,323,20,0.12485875197021311,230.0
-1,11,192,30,0.04869733103487979,237.0
-1,11,192,27,0.04869733103487979,237.0
-1,11,211,19,0.04572173675612624,239.0
-1,11,192,7,0.04182738900932851,240.0
-1,11,192,9,0.06205468808575146,240.0
-1,11,192,20,0.05647828198796197,240.0
-1,11,192,7,0.04572173675612624,240.0
-1,11,254,28,0.04572173675612624,240.0
-1,11,408,28,0.3582962884148075,240.0
-1,11,162,19,0.03417837753492791,242.0
-1,11,419,19,0.34068062851466085,244.0
-1,11,211,12,0.04572173675612624,244.0
-1,11,239,24,0.04572173675612624,245.0
-1,11,331,17,0.3636562945506426,245.0
-1,11,419,26,0.3399308453648483,246.0
-1,11,192,30,0.06056543667998324,247.0
-1,11,192,27,0.03942595684792884,249.0
-1,11,161,7,0.04182738900932851,249.0
-1,11,419,30,0.2301525757308856,250.0
-1,11,192,7,0.06056543667998324,251.0
-1,11,192,7,0.04569214698297228,252.0
-1,11,196,21,0.04572173675612624,252.0
-1,11,254,7,0.047479694057840804,255.0
-1,11,192,24,0.04100758481082454,255.0
-1,11,192,5,0.04372638545954598,256.0
-1,11,314,28,0.1289151061298546,256.0
-1,11,248,30,0.0669781385242835,257.0
-1,11,254,30,0.047479694057840804,259.0
-1,11,207,19,0.04572173675612624,260.0
-1,11,419,19,0.3399308453648483,260.0
-1,11,211,24,0.12256562334415154,260.0
0,12,192,30,0.04572173675612624,224.0
0,12,254,30,0.047479694057840804,259.0
0,12,192,30,0.04572173675612624,224.0
0,12,192,30,0.04572173675612624,224.0
0,12,192,30,0.04572173675612624,224.0
0,12,192,30,0.04572173675612624,224.0
0,12,248,7,0.04572173675612624,304.0
0,12,192,30,0.0669781385242835,321.0
0,12,192,7,0.04572173675612624,240.0
0,12,192,30,0.045600762199847274,303.0
0,12,192,7,0.04572173675612624,240.0
0,12,253,10,0.04569214698297228,317.0
0,12,192,10,0.04886701806422965,211.0
0,12,192,7,0.06056543667998324,251.0
0,12,235,30,0.04572173675612624,279.0
0,12,192,30,0.04572173675612624,224.0
0,12,192,30,0.04172209661203823,269.0
0,12,192,30,0.04572173675612624,224.0
0,12,148,30,0.051793659996189303,331.0
0,12,183,30,0.04773519976433558,221.0
0,12,192,10,0.04572173675612624,214.0
0,12,192,10,0.04572173675612624,214.0
0,12,85,30,0.04781170747602524,412.0
0,12,192,27,0.04317269124453981,254.0
0,12,254,30,0.047479694057840804,259.0
0,12,192,30,0.04572173675612624,224.0
0,12,342,5,0.04578789128707904,442.0
0,12,192,10,0.04572173675612624,214.0
0,12,234,18,0.02089235975823022,459.0
0,12,192,10,0.04572173675612624,214.0
0,12,143,30,0.04572173675612624,293.0
0,12,192,10,0.04572173675612624,214.0
0,12,192,10,0.04959555499433695,237.0
0,12,192,16,0.047788723173891906,277.0
0,12,192,30,0.06144943608018373,301.0
0,12,192,30,0.04572173675612624,224.0
0,12,192,10,0.04572173675612624,214.0
0,12,192,30,0.04572173675612624,224.0
0,12,275,10,0.04572173675612624,304.0
0,12,192,30,0.04572173675612624,224.0
-1,12,192,19,0.04572173675612624,191.0
-1,12,419,19,0.35123911600123103,193.0
-1,12,192,10,0.04886701806422965,211.0
-1,12,192,10,0.04572173675612624,214.0
-1,12,183,30,0.04773519976433558,221.0
-1,12,213,28,0.04572173675612624,223.0
-1,12,192,30,0.04572173675612624,224.0
-1,12,161,24,0.04572173675612624,225.0
-1,12,192,25,0.04572173675612624,230.0
-1,12,419,14,0.34068062851466085,230.0
-1,12,323,20,0.12485875197021311,230.0
-1,12,192,10,0.04959555499433695,237.0
-1,12,192,30,0.04869733103487979,237.0
-1,12,192,27,0.04869733103487979,237.0
-1,12,211,19,0.04572173675612624,239.0
-1,12,192,7,0.04182738900932851,240.0
-1,12,192,9,0.06205468808575146,240.0
-1,12,192,20,0.05647828198796197,240.0
-1,12,192,7,0.04572173675612624,240.0
-1,12,254,28,0.04572173675612624,240.0
-1,12,408,28,0.3582962884148075,240.0
-1,12,162,19,0.03417837753492791,242.0
-1,12,419,19,0.34068062851466085,244.0
-1,12,211,12,0.04572173675612624,244.0
-1,12,239,24,0.04572173675612624,245.0
-1,12,331,17,0.3636562945506426,245.0
-1,12,419,26,0.3399308453648483,246.0
-1,12,192,30,0.06056543667998324,247.0
-1,12,192,27,0.03942595684792884,249.0
-1,12,161,7,0.04182738900932851,249.0
-1,12,419,30,0.2301525757308856,250.0
-1,12,192,7,0.06056543667998324,251.0
-1,12,192,7,0.04569214698297228,252.0
-1,12,196,21,0.04572173675612624,252.0
-1,12,192,27,0.04317269124453981,254.0
-1,12,254,7,0.047479694057840804,255.0
-1,12,192,24,0.04100758481082454,255.0
-1,12,192,5,0.04372638545954598,256.0
-1,12,314,28,0.1289151061298546,256.0
-1,12,248,30,0.0669781385242835,257.0
0,13,192,22,0.04572173675612624,279.0
0,13,112,10,0.05033474647813647,395.0
0,13,192,11,0.04572173675612624,273.0
0,13,178,8,0.04572173675612624,292.0
0,13,95,10,0.05464947014686214,425.0
0,13,192,30,0.04572173675612624,224.0
0,13,192,30,0.04572173675612624,224.0
0,13,192,10,0.04572173675612624,214.0
0,13,192,10,0.04886701806422965,211.0
0,13,192,30,0.04572173675612624,224.0
0,13,192,30,0.04572173675612624,224.0
0,13,192,30,0.04572173675612624,224.0
0,13,192,30,0.04572173675612624,224.0
0,13,192,6,0.04572173675612624,218.0
0,13,224,30,0.04773519976433558,310.0
0,13,192,10,0.0351831251201858,266.0
0,13,387,26,0.05724893735018448,376.0
0,13,192,10,0.05011061202165899,325.0
0,13,192,10,0.04572173675612624,214.0
0,13,217,10,0.05585129596021595,279.0
0,13,313,7,0.07490124231707625,314.0
0,13,192,5,0.04572173675612624,325.0
0,13,192,30,0.06144943608018373,301.0
0,13,192,30,0.023617076701596892,295.0
0,13,10,10,0.040984415037491444,499.0
0,13,192,30,0.036046738507417866,273.0
0,13,192,15,0.04572173675612624,308.0
0,13,192,10,0.04572173675612624,214.0
0,13,192,30,0.04572173675612624,224.0
0,13,192,10,0.04572173675612624,214.0
0,13,192,30,0.04572173675612624,224.0
0,13,192,30,0.0501507075259368,294.0
0,13,312,28,0.03953284760193021,310.0
0,13,192,10,0.04572173675612624,214.0
0,13,192,10,0.0498092205336258,239.0
0,13,192,10,0.04886701806422965,211.0
0,13,336,30,0.048335558329882365,314.0
0,13,192,10,0.04572173675612624,214.0
0,13,192,5,0.032011755387580505,333.0
0,13,192,5,0.03490010688522881,305.0
-1,13,192,19,0.04572173675612624,191.0
-1,13,419,19,0.35123911600123103,193.0
-1,13,192,10,0.04886701806422965,211.0
-1,13,192,10,0.04572173675612624,214.0
-1,13,192,6,0.04572173675612624,218.0
-1,13,183,30,0.04773519976433558,221.0
-1,13,213,28,0.04572173675612624,223.0
-1,13,192,30,0.04572173675612624,224.0
-1,13,161,24,0.04572173675612624,225.0
-1,13,192,25,0.04572173675612624,230.0
-1,13,419,14,0.34068062851466085,230.0
-1,13,323,20,0.12485875197021311,230.0
-1,13,192,10,0.04959555499433695,237.0
-1,13,192,30,0.04869733103487979,237.0
-1,13,192,27,0.04869733103487979,237.0
-1,13,192,10,0.0498092205336258,239.0
-1,13,211,19,0.04572173675612624,239.0
-1,13,192,7,0.04182738900932851,240.0
-1,13,192,9,0.06205468808575146,240.0
-1,13,192,20,0.05647828198796197,240.0
-1,13,192,7,0.04572173675612624,240.0
-1,13,254,28,0.04572173675612624,240.0
-1,13,408,28,0.3582962884148075,240.0
-1,13,162,19,0.03417837753492791,242.0
-1,13,419,19,0.34068062851466085,244.0
-1,13,211,12,0.04572173675612624,244.0
-1,13,239,24,0.04572173675612624,245.0
-1,13,331,17,0.3636562945506426,245.0
-1,13,419,26,0.3399308453648483,246.0
-1,13,192,30,0.06056543667998324,247.0
-1,13,192,27,0.03942595684792884,249.0
-1,13,161,7,0.04182738900932851,249.0
-1,13,419,30,0.2301525757308856,250.0
-1,13,192,7,0.06056543667998324,251.0
-1,13,192,7,0.04569214698297228,252.0
-1,13,196,21,0.04572173675612624,252.0
-1,13,192,27,0.04317269124453981,254.0
-1,13,254,7,0.047479694057840804,255.0
-1,13,192,24,0.04100758481082454,255.0
-1,13,192,5,0.04372638545954598,256.0
0,14,192,10,0.04572173675612624,214.0
0,14,192,30,0.05049866840253156,267.0
0,14,192,30,0.04572173675612624,224.0
0,14,192,30,0.04572173675612624,224.0
0,14,192,30,0.0498092205336258,272.0
0,14,391,17,0.04572173675612624,423.0
0,14,192,15,0.04572173675612624,308.0
0,14,278,30,0.059035305342522625,284.0
0,14,192,30,0.04572173675612624,224.0
0,14,64,17,0.04640080175258962,499.0
0,14,192,10,0.04572173675612624,214.0
0,14,192,30,0.04572173675612624,224.0
0,14,192,10,0.04572173675612624,214.0
0,14,192,10,0.04886701806422965,211.0
0,14,192,10,0.04886701806422965,211.0
0,14,192,10,0.04572173675612624,214.0
0,14,192,5,0.04574450046136826,261.0
0,14,192,18,0.05972671781758166,299.0
0,14,192,10,0.0351831251201858,266.0
0,14,192,10,0.04572173675612624,214.0
0,14,229,5,0.03574621362199328,401.0
0,14,217,10,0.05585129596021595,279.0
0,14,184,30,0.04907887379977727,275.0
0,14,192,6,0.05406248365565296,247.0
0,14,192,30,0.0498092205336258,282.0
0,14,152,18,0.038141903478731025,241.0
0,14,192,10,0.04572173675612624,214.0
0,14,192,30,0.04572173675612624,224.0
0,14,224,22,0.06067497560927408,257.0
0,14,192,30,0.04572173675612624,224.0
0,14,27,6,0.04572173675612624,447.0
0,14,10,30,0.04886701806422965,431.0
0,14,192,11,0.04886701806422965,277.0
0,14,192,10,0.04572173675612624,214.0
0,14,192,10,0.04572173675612624,214.0
0,14,192,10,0.04572173675612624,214.0
0,14,192,30,0.06144943608018373,301.0
0,14,192,10,0.04572173675612624,214.0
0,14,170,30,0.04572173675612624,267.0
0,14,211,10,0.05800267594424206,261.0
-1,14,192,19,0.04572173675612624,191.0
-1,14,419,19,0.35123911600123103,193.0
-1,14,192,10,0.04886701806422965,211.0
-1,14,192,10,0.04572173675612624,214.0
-1,14,192,6,0.04572173675612624,218.0
-1,14,183,30,0.04773519976433558,221.0
-1,14,213,28,0.04572173675612624,223.0
-1,14,192,30,0.04572173675612624,224.0
-1,14,161,24,0.04572173675612624,225.0
-1,14,192,25,0.04572173675612624,230.0
-1,14,419,14,0.34068062851466085,230.0
-1,14,323,20,0.12485875197021311,230.0
-1,14,192,10,0.04959555499433695,237.0
-1,14,192,30,0.04869733103487979,237.0
-1,14,192,27,0.04869733103487979,237.0
-1,14,192,10,0.0498092205336258,239.0
-1,14,211,19,0.04572173675612624,239.0
-1,14,192,7,0.04182738900932851,240.0
-1,14,192,9,0.06205468808575146,240.0
-1,14,192,20,0.05647828198796197,240.0
-1,14,192,7,0.04572173675612624,240.0
-1,14,254,28,0.04572173675612624,240.0
-1,14,408,28,0.3582962884148075,240.0
-1,14,152,18,0.038141903478731025,241.0
-1,14,162,19,0.03417837753492791,242.0
-1,14,419,19,0.34068062851466085,244.0
-1,14,211,12,0.04572173675612624,244.0
-1,14,239,24,0.04572173675612624,245.0
-1,14,331,17,0.3636562945506426,245.0
-1,14,419,26,0.3399308453648483,246.0
-1,14,192,6,0.05406248365565296,247.0
-1,14,192,30,0.06056543667998324,247.0
-1,14,192,27,0.03942595684792884,249.0
-1,14,161,7,0.04182738900932851,249.0
-1,14,419,30,0.2301525757308856,250.0
-1,14,192,7,0.06056543667998324,251.0
-1,14,192,7,0.04569214698297228,252.0
-1,14,196,21,0.04572173675612624,252.0
-1,14,192,27,0.04317269124453981,254.0
-1,14,254,7,0.047479694057840804,255.0
0,15,188,5,0.04572173675612624,299.0
0,15,192,10,0.04886701806422965,211.0
0,15,209,10,0.04572173675612624,223.0
0,15,171,10,0.051127925181481695,298.0
0,15,312,10,0.046310275431312505,397.0
0,15,192,30,0.04767723304219713,302.0
0,15,192,30,0.04526467032649201,222.0
0,15,217,10,0.04572173675612624,280.0
0,15,192,10,0.04886701806422965,211.0
0,15,224,22,0.06067497560927408,257.0
0,15,192,10,0.04572173675612624,214.0
0,15,192,30,0.04572173675612624,224.0
0,15,192,30,0.038141903478731025,264.0
0,15,236,30,0.04566855717764787,270.0
0,15,169,30,0.04572173675612624,297.0
0,15,192,10,0.04373199159755212,287.0
0,15,13,10,0.04886701806422965,438.0
0,15,192,30,0.04572173675612624,224.0
0,15,192,10,0.04572173675612624,214.0
0,15,192,14,0.04886701806422965,293.0
0,15,192,30,0.04886701806422965,302.0
0,15,192,10,0.0498092205336258,239.0
0,15,192,10,0.04886701806422965,211.0
0,15,66,10,0.04572173675612624,401.0
0,15,192,10,0.04572173675612624,214.0
0,15,192,30,0.04572173675612624,224.0
0,15,192,10,0.0351831251201858,266.0
0,15,192,10,0.04572173675612624,214.0
0,15,224,10,0.06067497560927408,316.0
0,15,192,22,0.04886701806422965,292.0
0,15,192,30,0.04886701806422965,290.0
0,15,192,10,0.04572173675612624,214.0
0,15,222,12,0.0498092205336258,275.0
0,15,192,30,0.0351831251201858,221.0
0,15,192,30,0.04572173675612624,224.0
0,15,126,10,0.04572173675612624,312.0
0,15,192,6,0.04777467165601953,256.0
0,15,192,11,0.04886701806422965,277.0
0,15,192,10,0.04886701806422965,211.0
0,15,246,20,0.03452891455336734,324.0
-1,15,192,19,0.04572173675612624,191.0
-1,15,419,19,0.35123911600123103,193.0
-1,15,192,10,0.04886701806422965,211.0
-1,15,192,10,0.04572173675612624,214.0
-1,15,192,6,0.04572173675612624,218.0
-1,15,192,30,0.0351831251201858,221.0
-1,15,183,30,0.04773519976433558,221.0
-1,15,192,30,0.04526467032649201,222.0
-1,15,209,10,0.04572173675612624,223.0
-1,15,213,28,0.04572173675612624,223.0
-1,15,192,30,0.04572173675612624,224.0
-1,15,161,24,0.04572173675612624,225.0
-1,15,192,25,0.04572173675612624,230.0
-1,15,419,14,0.34068062851466085,230.0
-1,15,323,20,0.12485875197021311,230.0
-1,15,192,10,0.04959555499433695,237.0
-1,15,192,30,0.04869733103487979,237.0
-1,15,192,27,0.04869733103487979,237.0
-1,15,192,10,0.0498092205336258,239.0
-1,15,211,19,0.04572173675612624,239.0
-1,15,192,7,0.04182738900932851,240.0
-1,15,192,9,0.06205468808575146,240.0
-1,15,192,20,0.05647828198796197,240.0
-1,15,192,7,0.04572173675612624,240.0
-1,15,254,28,0.04572173675612624,240.0
-1,15,408,28,0.3582962884148075,240.0
-1,15,152,18,0.038141903478731025,241.0
-1,15,162,19,0.03417837753492791,242.0
-1,15,419,19,0.34068062851466085,244.0
-1,15,211,12,0.04572173675612624,244.0
-1,15,239,24,0.04572173675612624,245.0
-1,15,331,17,0.3636562945506426,245.0
-1,15,419,26,0.3399308453648483,246.0
-1,15,192,6,0.05406248365565296,247.0
-1,15,192,30,0.06056543667998324,247.0
-1,15,192,27,0.03942595684792884,249.0
-1,15,161,7,0.04182738900932851,249.0
-1,15,419,30,0.2301525757308856,250.0
-1,15,192,7,0.06056543667998324,251.0
-1,15,192,7,0.04569214698297228,252.0
0,16,118,10,0.04487574194447857,312.0
0,16,312,10,0.046310275431312505,397.0
0,16,192,7,0.04572173675612624,240.0
0,16,192,10,0.04886701806422965,211.0
0,16,192,30,0.04572173675612624,224.0
0,16,246,5,0.04886701806422965,265.0
0,16,192,10,0.04886701806422965,211.0
0,16,126,10,0.04572173675612624,312.0
0,16,192,30,0.04886701806422965,290.0
0,16,272,30,0.04526467032649201,314.0
0,16,273,10,0.03724513805823529,366.0
0,16,192,21,0.04886701806422965,218.0
0,16,192,10,0.04886701806422965,211.0
0,16,192,10,0.04572173675612624,214.0
0,16,192,30,0.04526467032649201,222.0
0,16,192,10,0.04572173675612624,214.0
0,16,192,10,0.04886701806422965,211.0
0,16,224,22,0.06067497560927408,257.0
0,16,192,30,0.04526467032649201,222.0
0,16,292,5,0.04572173675612624,438.0
0,16,192,10,0.04572173675612624,214.0
0,16,192,10,0.04886701806422965,211.0
0,16,192,30,0.04572173675612624,224.0
0,16,192,30,0.04572173675612624,224.0
0,16,192,10,0.04572173675612624,214.0
0,16,192,10,0.05657611448653757,231.0
0,16,192,10,0.04886701806422965,211.0
0,16,192,23,0.04526467032649201,285.0
0,16,192,30,0.04572173675612624,224.0
0,16,192,30,0.04572173675612624,224.0
0,16,192,30,0.04572173675612624,224.0
0,16,192,10,0.04572173675612624,214.0
0,16,192,10,0.04572173675612624,214.0
0,16,209,10,0.04886701806422965,331.0
0,16,210,10,0.05080430909079966,269.0
0,16,209,30,0.04566855717764787,244.0
0,16,192,10,0.04886701806422965,211.0
0,16,192,10,0.04572173675612624,214.0
0,16,222,12,0.0498092205336258,275.0
0,16,95,13,0.024081298330390372,320.0
-1,16,192,19,0.04572173675612624,191.0
-1,16,419,19,0.35123911600123103,193.0
-1,16,192,10,0.04886701806422965,211.0
-1,16,192,10,0.04572173675612624,214.0
-1,16,192,21,0.04886701806422965,218.0
-1,16,192,6,0.04572173675612624,218.0
-1,16,192,30,0.0351831251201858,221.0
-1,16,183,30,0.04773519976433558,221.0
-1,16,192,30,0.04526467032649201,222.0
-1,16,209,10,0.04572173675612624,223.0
-1,16,213,28,0.04572173675612624,223.0
-1,16,192,30,0.04572173675612624,224.0
-1,16,161,24,0.04572173675612624,225.0
-1,16,192,25,0.04572173675612624,230.0
-1,16,419,14,0.34068062851466085,230.0
-1,16,323,20,0.12485875197021311,230.0
-1,16,192,10,0.05657611448653757,231.0
-1,16,192,10,0.04959555499433695,237.0
-1,16,192,30,0.04869733103487979,237.0
-1,16,192,27,0.04869733103487979,237.0
-1,16,192,10,0.0498092205336258,239.0
-1,16,211,19,0.04572173675612624,239.0
-1,16,192,7,0.04182738900932851,240.0
-1,16,192,9,0.06205468808575146,240.0
-1,16,192,20,0.05647828198796197,240.0
-1,16,192,7,0.04572173675612624,240.0
-1,16,254,28,0.04572173675612624,240.0
-1,16,408,28,0.3582962884148075,240.0
-1,16,152,18,0.038141903478731025,241.0
-1,16,162,19,0.03417837753492791,242.0
-1,16,209,30,0.04566855717764787,244.0
-1,16,419,19,0.34068062851466085,244.0
-1,16,211,12,0.04572173675612624,244.0
-1,16,239,24,0.04572173675612624,245.0
-1,16,331,17,0.3636562945506426,245.0
-1,16,419,26,0.3399308453648483,246.0
-1,16,192,6,0.05406248365565296,247.0
-1,16,192,30,0.06056543667998324,247.0
-1,16,192,27,0.03942595684792884,249.0
-1,16,161,7,0.04182738900932851,249.0
0,17,192,30,0.04572173675612624,224.0
0,17,192,10,0.04572173675612624,214.0
0,17,192,30,0.04572173675612624,224.0
0,17,192,21,0.04005842702635536,271.0
0,17,192,10,0.04572173675612624,214.0
0,17,373,10,0.04572173675612624,477.0
0,17,290,10,0.05040915079739309,254.0
0,17,226,5,0.04821855136746724,305.0
0,17,192,10,0.054400564919746264,224.0
0,17,192,10,0.053461354231658605,305.0
0,17,192,10,0.03824406114638565,279.0
0,17,192,5,0.06288046007324383,269.0
0,17,192,10,0.04886701806422965,211.0
0,17,192,13,0.05713259441935484,267.0
0,17,132,10,0.04572173675612624,268.0
0,17,342,30,0.03357601370470632,452.0
0,17,147,9,0.03884491905984567,287.0
0,17,222,27,0.05273821037633131,274.0
0,17,192,30,0.04886701806422965,290.0
0,17,192,10,0.04572173675612624,214.0
0,17,192,6,0.06189003370088974,282.0
0,17,192,10,0.047887247180412144,298.0
0,17,192,10,0.04684260609213785,234.0
0,17,192,13,0.04886701806422965,267.0
0,17,192,30,0.04572173675612624,224.0
0,17,192,10,0.04572173675612624,214.0
0,17,130,5,0.04886701806422965,314.0
0,17,192,17,0.03969696639788236,247.0
0,17,192,10,0.04572173675612624,214.0
0,17,192,30,0.04886701806422965,290.0
0,17,192,10,0.04572173675612624,214.0
0,17,192,10,0.04886701806422965,211.0
0,17,192,10,0.04886701806422965,211.0
0,17,192,10,0.04572173675612624,214.0
0,17,192,17,0.04969711206055217,281.0
0,17,165,11,0.04886701806422965,300.0
0,17,192,10,0.04572173675612624,214.0
0,17,192,30,0.04526467032649201,222.0
0,17,192,10,0.04886701806422965,211.0
0,17,192,10,0.04886701806422965,211.0
-1,17,192,19,0.04572173675612624,191.0
-1,17,419,19,0.35123911600123103,193.0
-1,17,192,10,0.04886701806422965,211.0
-1,17,192,10,0.04572173675612624,214.0
-1,17,192,21,0.04886701806422965,218.0
-1,17,192,6,0.04572173675612624,218.0
-1,17,192,30,0.0351831251201858,221.0
-1,17,183,30,0.04773519976433558,221.0
-1,17,192,30,0.04526467032649201,222.0
-1,17,209,10,0.04572173675612624,223.0
-1,17,213,28,0.04572173675612624,223.0
-1,17,192,10,0.054400564919746264,224.0
-1,17,192,30,0.04572173675612624,224.0
-1,17,161,24,0.04572173675612624,225.0
-1,17,192,25,0.04572173675612624,230.0
-1,17,419,14,0.34068062851466085,230.0
-1,17,323,20,0.12485875197021311,230.0
-1,17,192,10,0.05657611448653757,231.0
-1,17,192,10,0.04684260609213785,234.0
-1,17,192,10,0.04959555499433695,237.0
-1,17,192,30,0.04869733103487979,237.0
-1,17,192,27,0.04869733103487979,237.0
-1,17,192,10,0.0498092205336258,239.0
-1,17,211,19,0.04572173675612624,239.0
-1,17,192,7,0.04182738900932851,240.0
-1,17,192,9,0.06205468808575146,240.0
-1,17,192,20,0.05647828198796197,240.0
-1,17,192,7,0.04572173675612624,240.0
-1,17,254,28,0.04572173675612624,240.0
-1,17,408,28,0.3582962884148075,240.0
-1,17,152,18,0.038141903478731025,241.0
-1,17,162,19,0.03417837753492791,242.0
-1,17,209,30,0.04566855717764787,244.0
-1,17,419,19,0.34068062851466085,244.0
-1,17,211,12,0.04572173675612624,244.0
-1,17,239,24,0.04572173675612624,245.0
-1,17,331,17,0.3636562945506426,245.0
-1,17,419,26,0.3399308453648483,246.0
-1,17,192,6,0.05406248365565296,247.0
-1,17,192,30,0.06056543667998324,247.0
0,18,192,24,0.031385166140902615,269.0
0,18,192,10,0.04572173675612624,214.0
0,18,192,10,0.06549835692849819,298.0
0,18,192,10,0.03824406114638565,279.0
0,18,192,13,0.07070645879488653,259.0
0,18,192,10,0.04886701806422965,211.0
0,18,192,10,0.04572173675612624,214.0
0,18,192,10,0.04572173675612624,214.0
0,18,192,10,0.04572173675612624,214.0
0,18,192,10,0.04797225369161857,321.0
0,18,192,30,0.04572173675612624,224.0
0,18,10,10,0.04782792322347771,494.0
0,18,192,10,0.04572173675612624,214.0
0,18,192,10,0.04886701806422965,211.0
0,18,192,10,0.04572173675612624,214.0
0,18,192,30,0.04886701806422965,290.0
0,18,192,10,0.04886701806422965,211.0
0,18,196,17,0.03969696639788236,318.0
0,18,192,10,0.04886701806422965,211.0
0,18,10,21,0.07396251977794902,407.0
0,18,192,10,0.04886701806422965,211.0
0,18,192,30,0.04572173675612624,224.0
0,18,192,10,0.04886701806422965,211.0
0,18,192,10,0.04572173675612624,214.0
0,18,192,10,0.04886701806422965,211.0
0,18,235,5,0.04572173675612624,308.0
0,18,82,10,0.053448696888287794,474.0
0,18,139,10,0.03701440842692908,317.0
0,18,192,10,0.04572173675612624,214.0
0,18,192,10,0.04572173675612624,214.0
0,18,192,9,0.0446762715465331,244.0
0,18,192,30,0.059204961425873566,278.0
0,18,192,10,0.04886701806422965,211.0
0,18,192,21,0.04005842702635536,271.0
0,18,192,17,0.03969696639788236,247.0
0,18,166,10,0.04572173675612624,316.0
0,18,192,10,0.04572173675612624,214.0
0,18,192,10,0.04886701806422965,211.0
0,18,192,10,0.04886701806422965,211.0
0,18,10,10,0.05677767151268506,466.0
-1,18,192,19,0.04572173675612624,191.0
-1,18,419,19,0.35123911600123103,193.0
-1,18,192,10,0.04886701806422965,211.0
-1,18,192,10,0.04572173675612624,214.0
-1,18,192,21,0.04886701806422965,218.0
-1,18,192,6,0.04572173675612624,218.0
-1,18,192,30,0.0351831251201858,221.0
-1,18,183,30,0.04773519976433558,221.0
-1,18,192,30,0.04526467032649201,222.0
-1,18,209,10,0.04572173675612624,223.0
-1,18,213,28,0.04572173675612624,223.0
-1,18,192,10,0.054400564919746264,224.0
-1,18,192,30,0.04572173675612624,224.0
-1,18,161,24,0.04572173675612624,225.0
-1,18,192,25,0.04572173675612624,230.0
-1,18,419,14,0.34068062851466085,230.0
-1,18,323,20,0.12485875197021311,230.0
-1,18,192,10,0.05657611448653757,231.0
-1,18,192,10,0.04684260609213785,234.0
-1,18,192,10,0.04959555499433695,237.0
-1,18,192,30,0.04869733103487979,237.0
-1,18,192,27,0.04869733103487979,237.0
-1,18,192,10,0.0498092205336258,239.0
-1,18,211,19,0.04572173675612624,239.0
-1,18,192,7,0.04182738900932851,240.0
-1,18,192,9,0.06205468808575146,240.0
-1,18,192,20,0.05647828198796197,240.0
-1,18,192,7,0.04572173675612624,240.0
-1,18,254,28,0.04572173675612624,240.0
-1,18,408,28,0.3582962884148075,240.0
-1,18,152,18,0.038141903478731025,241.0
-1,18,162,19,0.03417837753492791,242.0
-1,18,192,9,0.0446762715465331,244.0
-1,18,209,30,0.04566855717764787,244.0
-1,18,419,19,0.34068062851466085,244.0
-1,18,211,12,0.04572173675612624,244.0
-1,18,239,24,0.04572173675612624,245.0
-1,18,331,17,0.3636562945506426,245.0
-1,18,419,26,0.3399308453648483,246.0
-1,18,192,6,0.05406248365565296,247.0
0,19,229,8,0.041469574723432726,341.0
0,19,192,10,0.04886701806422965,211.0
0,19,192,8,0.04886701806422965,270.0
0,19,192,10,0.04886701806422965,211.0
0,19,192,30,0.045743889355195404,268.0
0,19,192,10,0.04572173675612624,214.0
0,19,192,10,0.04886701806422965,211.0
0,19,300,5,0.04886701806422965,389.0
0,19,192,10,0.04886701806422965,211.0
0,19,192,10,0.04572173675612624,214.0
0,19,192,10,0.05270338379284047,249.0
0,19,192,10,0.04572173675612624,214.0
0,19,192,10,0.04886701806422965,211.0
0,19,192,13,0.07070645879488653,259.0
0,19,192,10,0.04886701806422965,211.0
0,19,192,10,0.04572173675612624,214.0
0,19,192,10,0.04886701806422965,211.0
0,19,192,10,0.04886701806422965,211.0
0,19,192,5,0.04886701806422965,300.0
0,19,192,10,0.04572173675612624,214.0
0,19,164,10,0.04886701806422965,256.0
0,19,192,10,0.04572173675612624,214.0
0,19,10,10,0.04886701806422965,422.0
0,19,192,10,0.04572173675612624,214.0
0,19,192,10,0.059204961425873566,276.0
0,19,192,28,0.04886701806422965,271.0
0,19,185,10,0.04886701806422965,278.0
0,19,192,10,0.04572173675612624,214.0
0,19,192,10,0.04886701806422965,211.0
0,19,192,10,0.04572173675612624,214.0
0,19,166,17,0.04572173675612624,240.0
0,19,192,10,0.04886701806422965,211.0
0,19,192,5,0.04886701806422965,264.0
0,19,192,10,0.05369403038996243,259.0
0,19,264,13,0.04572173675612624,294.0
0,19,331,30,0.03991207800593598,267.0
0,19,192,8,0.04572173675612624,349.0
0,19,192,10,0.04886701806422965,211.0
0,19,192,30,0.06043619745034266,337.0
0,19,87,10,0.04572173675612624,532.0
-1,19,192,19,0.04572173675612624,191.0
-1,19,419,19,0.35123911600123103,193.0
-1,19,192,10,0.04886701806422965,211.0
-1,19,192,10,0.04572173675612624,214.0
-1,19,192,21,0.04886701806422965,218.0
-1,19,192,6,0.04572173675612624,218.0
-1,19,192,30,0.0351831251201858,221.0
-1,19,183,30,0.04773519976433558,221.0
-1,19,192,30,0.04526467032649201,222.0
-1,19,209,10,0.04572173675612624,223.0
-1,19,213,28,0.04572173675612624,223.0
-1,19,192,10,0.054400564919746264,224.0
-1,19,192,30,0.04572173675612624,224.0
-1,19,161,24,0.04572173675612624,225.0
-1,19,192,25,0.04572173675612624,230.0
-1,19,419,14,0.34068062851466085,230.0
-1,19,323,20,0.12485875197021311,230.0
-1,19,192,10,0.05657611448653757,231.0
-1,19,192,10,0.04684260609213785,234.0
-1,19,192,10,0.04959555499433695,237.0
-1,19,192,30,0.04869733103487979,237.0
-1,19,192,27,0.04869733103487979,237.0
-1,19,192,10,0.0498092205336258,239.0
-1,19,211,19,0.04572173675612624,239.0
-1,19,166,17,0.04572173675612624,240.0
-1,19,192,7,0.04182738900932851,240.0
-1,19,192,9,0.06205468808575146,240.0
-1,19,192,20,0.05647828198796197,240.0
-1,19,192,7,0.04572173675612624,240.0
-1,19,254,28,0.04572173675612624,240.0
-1,19,408,28,0.3582962884148075,240.0
-1,19,152,18,0.038141903478731025,241.0
-1,19,162,19,0.03417837753492791,242.0
-1,19,192,9,0.0446762715465331,244.0
-1,19,209,30,0.04566855717764787,244.0
-1,19,419,19,0.34068062851466085,244.0
-1,19,211,12,0.04572173675612624,244.0
-1,19,239,24,0.04572173675612624,245.0
-1,19,331,17,0.3636562945506426,245.0
-1,19,419,26,0.3399308453648483,246.0
0,20,86,27,0.040310198160193614,430.0
0,20,174,10,0.04905243280757911,314.0
0,20,192,10,0.04572173675612624,214.0
0,20,201,11,0.04886701806422965,331.0
0,20,192,10,0.04572173675612624,214.0
0,20,131,10,0.04886701806422965,322.0
0,20,140,10,0.04886701806422965,307.0
0,20,192,8,0.04886701806422965,270.0
0,20,192,10,0.04886701806422965,211.0
0,20,192,10,0.04886701806422965,211.0
0,20,192,10,0.050035642844124435,288.0
0,20,192,10,0.04572173675612624,214.0
0,20,192,10,0.04886701806422965,211.0
0,20,192,10,0.05369403038996243,259.0
0,20,249,10,0.058638589601377425,240.0
0,20,192,12,0.05070287430300021,231.0
0,20,166,17,0.04572173675612624,240.0
0,20,192,10,0.05270338379284047,249.0
0,20,192,27,0.04886701806422965,300.0
0,20,192,18,0.04378983265950644,275.0
0,20,192,10,0.04886701806422965,211.0
0,20,192,10,0.04886701806422965,211.0
0,20,376,14,0.04886701806422965,378.0
0,20,192,10,0.04886701806422965,211.0
0,20,192,10,0.04886701806422965,211.0
0,20,61,15,0.04572173675612624,446.0
0,20,334,10,0.06122040042246473,305.0
0,20,187,8,0.056884739533363315,243.0
0,20,159,10,0.056807973419336785,297.0
0,20,192,10,0.04886701806422965,211.0
0,20,192,10,0.04886701806422965,211.0
0,20,102,13,0.04886701806422965,409.0
0,20,81,13,0.07070645879488653,403.0
0,20,192,10,0.04572173675612624,214.0
0,20,185,10,0.04886701806422965,278.0
0,20,192,10,0.04886701806422965,211.0
0,20,192,10,0.04886701806422965,211.0
0,20,160,5,0.03078391460757053,362.0
0,20,192,10,0.04572173675612624,214.0
0,20,157,10,0.03633919617897976,302.0
-1,20,192,19,0.04572173675612624,191.0
-1,20,419,19,0.35123911600123103,193.0
-1,20,192,10,0.04886701806422965,211.0
-1,20,192,10,0.04572173675612624,214.0
-1,20,192,21,0.04886701806422965,218.0
-1,20,192,6,0.04572173675612624,218.0
-1,20,192,30,0.0351831251201858,221.0
-1,20,183,30,0.04773519976433558,221.0
-1,20,192,30,0.04526467032649201,222.0
-1,20,209,10,0.04572173675612624,223.0
-1,20,213,28,0.04572173675612624,223.0
-1,20,192,10,0.054400564919746264,224.0
-1,20,192,30,0.04572173675612624,224.0
-1,20,161,24,0.04572173675612624,225.0
-1,20,192,25,0.04572173675612624,230.0
-1,20,419,14,0.34068062851466085,230.0
-1,20,323,20,0.12485875197021311,230.0
-1,20,192,12,0.05070287430300021,231.0
-1,20,192,10,0.05657611448653757,231.0
-1,20,192,10,0.04684260609213785,234.0
-1,20,192,10,0.04959555499433695,237.0
-1,20,192,30,0.04869733103487979,237.0
-1,20,192,27,0.04869733103487979,237.0
-1,20,192,10,0.0498092205336258,239.0
-1,20,211,19,0.04572173675612624,239.0
-1,20,249,10,0.058638589601377425,240.0
-1,20,166,17,0.04572173675612624,240.0
-1,20,192,7,0.04182738900932851,240.0
-1,20,192,9,0.06205468808575146,240.0
-1,20,192,20,0.05647828198796197,240.0
-1,20,192,7,0.04572173675612624,240.0
-1,20,254,28,0.04572173675612624,240.0
-1,20,408,28,0.3582962884148075,240.0
-1,20,152,18,0.038141903478731025,241.0
-1,20,162,19,0.03417837753492791,242.0
-1,20,187,8,0.056884739533363315,243.0
-1,20,192,9,0.0446762715465331,244.0
-1,20,209,30,0.04566855717764787,244.0
-1,20,419,19,0.34068062851466085,244.0
-1,20,211,12,0.04572173675612624,244.0
0,21,192,10,0.054185063528341765,254.0
0,21,166,17,0.04572173675612624,240.0
0,21,192,14,0.05212997406180503,304.0
0,21,192,10,0.04886701806422965,211.0
0,21,192,10,0.04886701806422965,211.0
0,21,192,10,0.04886701806422965,211.0
0,21,192,10,0.04886701806422965,211.0
0,21,65,10,0.054946732913061055,452.0
0,21,192,17,0.047434041044467995,239.0
0,21,166,10,0.04886701806422965,288.0
0,21,192,10,0.04886701806422965,211.0
0,21,192,9,0.046765590181477364,238.0
0,21,192,10,0.04886701806422965,211.0
0,21,192,14,0.05101697302717565,212.0
0,21,192,10,0.04886701806422965,211.0
0,21,192,10,0.04886701806422965,211.0
0,21,192,10,0.04572173675612624,214.0
0,21,192,10,0.04572173675612624,214.0
0,21,249,10,0.04572173675612624,307.0
0,21,195,7,0.058638589601377425,272.0
0,21,187,8,0.04886701806422965,240.0
0,21,265,10,0.05466644091528817,286.0
0,21,192,10,0.04886701806422965,211.0
0,21,192,10,0.04886701806422965,211.0
0,21,192,8,0.049255349798133896,317.0
0,21,187,10,0.056884739533363315,243.0
0,21,192,20,0.04886701806422965,341.0
0,21,185,10,0.04886701806422965,278.0
0,21,192,10,0.04886701806422965,211.0
0,21,192,10,0.04886701806422965,211.0
0,21,143,10,0.04886701806422965,286.0
0,21,185,10,0.04886701806422965,278.0
0,21,359,10,0.0570665389887159,424.0
0,21,192,13,0.04886701806422965,267.0
0,21,192,20,0.03763301468239769,244.0
0,21,192,10,0.04886701806422965,211.0
0,21,363,16,0.04886701806422965,472.0
0,21,192,10,0.05369403038996243,259.0
0,21,192,10,0.06427748926231727,257.0
0,21,192,5,0.04572173675612624,325.0
-1,21,192,19,0.04572173675612624,191.0
-1,21,419,19,0.35123911600123103,193.0
-1,21,192,10,0.04886701806422965,211.0
-1,21,192,14,0.05101697302717565,212.0
-1,21,192,10,0.04572173675612624,214.0
-1,21,192,21,0.04886701806422965,218.0
-1,21,192,6,0.04572173675612624,218.0
-1,21,192,30,0.0351831251201858,221.0
-1,21,183,30,0.04773519976433558,221.0
-1,21,192,30,0.04526467032649201,222.0
-1,21,209,10,0.04572173675612624,223.0
-1,21,213,28,0.04572173675612624,223.0
-1,21,192,10,0.054400564919746264,224.0
-1,21,192,30,0.04572173675612624,224.0
-1,21,161,24,0.04572173675612624,225.0
-1,21,192,25,0.04572173675612624,230.0
-1,21,419,14,0.34068062851466085,230.0
-1,21,323,20,0.12485875197021311,230.0
-1,21,192,12,0.05070287430300021,231.0
-1,21,192,10,0.05657611448653757,231.0
-1,21,192,10,0.04684260609213785,234.0
-1,21,192,10,0.04959555499433695,237.0
-1,21,192,30,0.04869733103487979,237.0
-1,21,192,27,0.04869733103487979,237.0
-1,21,192,9,0.046765590181477364,238.0
-1,21,192,17,0.047434041044467995,239.0
-1,21,192,10,0.0498092205336258,239.0
-1,21,211,19,0.04572173675612624,239.0
-1,21,187,8,0.04886701806422965,240.0
-1,21,249,10,0.058638589601377425,240.0
-1,21,166,17,0.04572173675612624,240.0
-1,21,192,7,0.04182738900932851,240.0
-1,21,192,9,0.06205468808575146,240.0
-1,21,192,20,0.05647828198796197,240.0
-1,21,192,7,0.04572173675612624,240.0
-1,21,254,28,0.04572173675612624,240.0
-1,21,408,28,0.3582962884148075,240.0
-1,21,152,18,0.038141903478731025,241.0
-1,21,162,19,0.03417837753492791,242.0
-1,21,187,8,0.056884739533363315,243.0
0,22,192,14,0.04572173675612624,302.0
0,22,148,27,0.0621761629638523,379.0
0,22,192,5,0.03170794895505079,370.0
0,22,166,17,0.04572173675612624,240.0
0,22,147,14,0.04572173675612624,319.0
0,22,192,10,0.04886701806422965,211.0
0,22,192,10,0.04886701806422965,211.0
0,22,192,10,0.04886701806422965,211.0
0,22,192,10,0.04572173675612624,214.0
0,22,187,7,0.04886701806422965,261.0
0,22,192,14,0.04886701806422965,293.0
0,22,192,12,0.05282885242082483,252.0
0,22,187,8,0.04886701806422965,240.0
0,22,192,10,0.04886701806422965,211.0
0,22,192,10,0.05369403038996243,259.0
0,22,192,5,0.04886701806422965,264.0
0,22,192,10,0.04886701806422965,211.0
0,22,111,13,0.04886701806422965,398.0
0,22,192,10,0.04886701806422965,211.0
0,22,185,10,0.05176485165261613,283.0
0,22,109,7,0.04886701806422965,384.0
0,22,192,10,0.04886701806422965,211.0
0,22,192,8,0.04886701806422965,270.0
0,22,192,10,0.04886701806422965,211.0
0,22,185,10,0.04886701806422965,278.0
0,22,192,10,0.04886701806422965,211.0
0,22,192,5,0.05901309514396557,281.0
0,22,139,13,0.051587705703664694,294.0
0,22,152,10,0.04886701806422965,308.0
0,22,192,15,0.06290375032454604,294.0
0,22,192,7,0.04886701806422965,273.0
0,22,187,6,0.04886701806422965,275.0
0,22,137,10,0.04886701806422965,299.0
0,22,192,20,0.03763301468239769,244.0
0,22,192,10,0.045740830189419684,273.0
0,22,192,17,0.047434041044467995,239.0
0,22,192,10,0.04886701806422965,211.0
0,22,192,10,0.04886701806422965,211.0
0,22,160,10,0.04886701806422965,295.0
0,22,192,10,0.054185063528341765,254.0
-1,22,192,19,0.04572173675612624,191.0
-1,22,419,19,0.35123911600123103,193.0
-1,22,192,10,0.04886701806422965,211.0
-1,22,192,14,0.05101697302717565,212.0
-1,22,192,10,0.04572173675612624,214.0
-1,22,192,21,0.04886701806422965,218.0
-1,22,192,6,0.04572173675612624,218.0
-1,22,192,30,0.0351831251201858,221.0
-1,22,183,30,0.04773519976433558,221.0
-1,22,192,30,0.04526467032649201,222.0
-1,22,209,10,0.04572173675612624,223.0
-1,22,213,28,0.04572173675612624,223.0
-1,22,192,10,0.054400564919746264,224.0
-1,22,192,30,0.04572173675612624,224.0
-1,22,161,24,0.04572173675612624,225.0
-1,22,192,25,0.04572173675612624,230.0
-1,22,419,14,0.34068062851466085,230.0
-1,22,323,20,0.12485875197021311,230.0
-1,22,192,12,0.05070287430300021,231.0
-1,22,192,10,0.05657611448653757,231.0
-1,22,192,10,0.04684260609213785,234.0
-1,22,192,10,0.04959555499433695,237.0
-1,22,192,30,0.04869733103487979,237.0
-1,22,192,27,0.04869733103487979,237.0
-1,22,192,9,0.046765590181477364,238.0
-1,22,192,17,0.047434041044467995,239.0
-1,22,192,10,0.0498092205336258,239.0
-1,22,211,19,0.04572173675612624,239.0
-1,22,187,8,0.04886701806422965,240.0
-1,22,249,10,0.058638589601377425,240.0
-1,22,166,17,0.04572173675612624,240.0
-1,22,192,7,0.04182738900932851,240.0
-1,22,192,9,0.06205468808575146,240.0
-1,22,192,20,0.05647828198796197,240.0
-1,22,192,7,0.04572173675612624,240.0
-1,22,254,28,0.04572173675612624,240.0
-1,22,408,28,0.3582962884148075,240.0
-1,22,152,18,0.038141903478731025,241.0
-1,22,162,19,0.03417837753492791,242.0
-1,22,187,8,0.056884739533363315,243.0
0,23,286,10,0.04886701806422965,324.0
0,23,187,7,0.04886701806422965,261.0
0,23,192,10,0.04886701806422965,211.0
0,23,192,7,0.029147394768020626,394.0
0,23,150,11,0.04886701806422965,332.0
0,23,192,10,0.04572173675612624,214.0
0,23,192,10,0.04886701806422965,211.0
0,23,166,17,0.04572173675612624,240.0
0,23,192,20,0.03763301468239769,244.0
0,23,167,8,0.04886701806422965,282.0
0,23,223,12,0.04886701806422965,283.0
0,23,192,10,0.04886701806422965,211.0
0,23,192,10,0.04886701806422965,211.0
0,23,185,10,0.05176485165261613,283.0
0,23,192,10,0.04886701806422965,211.0
0,23,187,8,0.04886701806422965,240.0
0,23,192,10,0.04886701806422965,211.0
0,23,192,10,0.04886701806422965,211.0
0,23,225,10,0.04226313936368914,290.0
0,23,192,10,0.04886701806422965,211.0
0,23,192,5,0.054185063528341765,223.0
0,23,10,13,0.06100325299454606,464.0
0,23,312,8,0.03323324659999924,458.0
0,23,192,10,0.05901309514396557,311.0
0,23,302,14,0.03609718709112661,324.0
0,23,192,12,0.05282885242082483,252.0
0,23,37,5,0.04572173675612624,473.0
0,23,183,17,0.0719992817407124,272.0
0,23,192,7,0.054185063528341765,253.0
0,23,10,10,0.043682978673899364,432.0
0,23,166,10,0.04572173675612624,316.0
0,23,72,17,0.04886701806422965,450.0
0,23,192,10,0.04886701806422965,211.0
0,23,192,10,0.04886701806422965,211.0
0,23,192,10,0.04886701806422965,211.0
0,23,179,7,0.04441032765284326,309.0
0,23,192,22,0.04886701806422965,292.0
0,23,192,10,0.04886701806422965,211.0
0,23,230,5,0.040872263880723354,374.0
0,23,185,20,0.04886701806422965,333.0
-1,23,192,19,0.04572173675612624,191.0
-1,23,419,19,0.35123911600123103,193.0
-1,23,192,10,0.04886701806422965,211.0
-1,23,192,14,0.05101697302717565,212.0
-1,23,192,10,0.04572173675612624,214.0
-1,23,192,21,0.04886701806422965,218.0
-1,23,192,6,0.04572173675612624,218.0
-1,23,192,30,0.0351831251201858,221.0
-1,23,183,30,0.04773519976433558,221.0
-1,23,192,30,0.04526467032649201,222.0
-1,23,192,5,0.054185063528341765,223.0
-1,23,209,10,0.04572173675612624,223.0
-1,23,213,28,0.04572173675612624,223.0
-1,23,192,10,0.054400564919746264,224.0
-1,23,192,30,0.04572173675612624,224.0
-1,23,161,24,0.04572173675612624,225.0
-1,23,192,25,0.04572173675612624,230.0
-1,23,419,14,0.34068062851466085,230.0
-1,23,323,20,0.12485875197021311,230.0
-1,23,192,12,0.05070287430300021,231.0
-1,23,192,10,0.05657611448653757,231.0
-1,23,192,10,0.04684260609213785,234.0
-1,23,192,10,0.04959555499433695,237.0
-1,23,192,30,0.04869733103487979,237.0
-1,23,192,27,0.04869733103487979,237.0
-1,23,192,9,0.046765590181477364,238.0
-1,23,192,17,0.047434041044467995,239.0
-1,23,192,10,0.0498092205336258,239.0
-1,23,211,19,0.04572173675612624,239.0
-1,23,187,8,0.04886701806422965,240.0
-1,23,249,10,0.058638589601377425,240.0
-1,23,166,17,0.04572173675612624,240.0
-1,23,192,7,0.04182738900932851,240.0
-1,23,192,9,0.06205468808575146,240.0
-1,23,192,20,0.05647828198796197,240.0
-1,23,192,7,0.04572173675612624,240.0
-1,23,254,28,0.04572173675612624,240.0
-1,23,408,28,0.3582962884148075,240.0
-1,23,152,18,0.038141903478731025,241.0
-1,23,162,19,0.03417837753492791,242.0
0,24,192,10,0.04886701806422965,211.0
0,24,192,10,0.043145318312220286,235.0
0,24,192,10,0.04886701806422965,211.0
0,24,210,17,0.04572173675612624,230.0
0,24,192,5,0.054185063528341765,223.0
0,24,192,7,0.054185063528341765,253.0
0,24,192,9,0.04489302977498955,297.0
0,24,192,10,0.04886701806422965,211.0
0,24,10,12,0.04886701806422965,440.0
0,24,192,10,0.04886701806422965,211.0
0,24,192,10,0.04886701806422965,211.0
0,24,181,10,0.045262784684537885,285.0
0,24,192,10,0.04886701806422965,211.0
0,24,67,15,0.04886701806422965,498.0
0,24,192,10,0.04886701806422965,211.0
0,24,269,10,0.04886701806422965,249.0
0,24,192,10,0.04572173675612624,214.0
0,24,192,12,0.05282885242082483,252.0
0,24,192,10,0.05594107498142795,260.0
0,24,192,10,0.04886701806422965,211.0
0,24,192,7,0.054185063528341765,253.0
0,24,192,10,0.04886701806422965,211.0
0,24,192,10,0.04886701806422965,211.0
0,24,192,10,0.04886701806422965,211.0
0,24,192,7,0.04572173675612624,240.0
0,24,179,10,0.04441032765284326,268.0
0,24,192,5,0.048671604396411446,332.0
0,24,153,6,0.04886701806422965,325.0
0,24,167,8,0.04886701806422965,282.0
0,24,192,10,0.056487567096837034,267.0
0,24,192,10,0.04886701806422965,211.0
0,24,192,14,0.035673625040524695,269.0
0,24,192,10,0.05282885242082483,311.0
0,24,192,12,0.04886701806422965,279.0
0,24,192,10,0.04886701806422965,211.0
0,24,192,10,0.04886701806422965,211.0
0,24,192,17,0.04821753686957041,293.0
0,24,154,17,0.04572173675612624,294.0
0,24,192,10,0.04886701806422965,211.0
0,24,192,7,0.06533275635908747,266.0
-1,24,192,19,0.04572173675612624,191.0
-1,24,419,19,0.35123911600123103,193.0
-1,24,192,10,0.04886701806422965,211.0
-1,24,192,14,0.05101697302717565,212.0
-1,24,192,10,0.04572173675612624,214.0
-1,24,192,21,0.04886701806422965,218.0
-1,24,192,6,0.04572173675612624,218.0
-1,24,192,30,0.0351831251201858,221.0
-1,24,183,30,0.04773519976433558,221.0
-1,24,192,30,0.04526467032649201,222.0
-1,24,192,5,0.054185063528341765,223.0
-1,24,209,10,0.04572173675612624,223.0
-1,24,213,28,0.04572173675612624,223.0
-1,24,192,10,0.054400564919746264,224.0
-1,24,192,30,0.04572173675612624,224.0
-1,24,161,24,0.04572173675612624,225.0
-1,24,210,17,0.04572173675612624,230.0
-1,24,192,25,0.04572173675612624,230.0
-1,24,419,14,0.34068062851466085,230.0
-1,24,323,20,0.12485875197021311,230.0
-1,24,192,12,0.05070287430300021,231.0
-1,24,192,10,0.05657611448653757,231.0
-1,24,192,10,0.04684260609213785,234.0
-1,24,192,10,0.043145318312220286,235.0
-1,24,192,10,0.04959555499433695,237.0
-1,24,192,30,0.04869733103487979,237.0
-1,24,192,27,0.04869733103487979,237.0
-1,24,192,9,0.046765590181477364,238.0
-1,24,192,17,0.047434041044467995,239.0
-1,24,192,10,0.0498092205336258,239.0
-1,24,211,19,0.04572173675612624,239.0
-1,24,187,8,0.04886701806422965,240.0
-1,24,249,10,0.058638589601377425,240.0
-1,24,166,17,0.04572173675612624,240.0
-1,24,192,7,0.04182738900932851,240.0
-1,24,192,9,0.06205468808575146,240.0
-1,24,192,20,0.05647828198796197,240.0
-1,24,192,7,0.04572173675612624,240.0
-1,24,254,28,0.04572173675612624,240.0
-1,24,408,28,0.3582962884148075,240.0
0,25,192,10,0.04886701806422965,211.0
0,25,192,10,0.04886701806422965,211.0
0,25,192,10,0.04886701806422965,211.0
0,25,192,10,0.04886701806422965,211.0
0,25,192,10,0.054185063528341765,254.0
0,25,192,5,0.04572173675612624,325.0
0,25,229,10,0.034537060922124004,360.0
0,25,198,10,0.033847162081495664,302.0
0,25,192,10,0.04886701806422965,211.0
0,25,192,10,0.04886701806422965,211.0
0,25,192,22,0.04886701806422965,292.0
0,25,192,10,0.04886701806422965,211.0
0,25,192,7,0.054185063528341765,253.0
0,25,192,5,0.04572173675612624,325.0
0,25,192,5,0.05719046690180832,304.0
0,25,192,10,0.04886701806422965,211.0
0,25,192,10,0.05013820552948603,246.0
0,25,192,10,0.04886701806422965,211.0
0,25,191,6,0.04678838649568938,267.0
0,25,213,5,0.04886701806422965,322.0
0,25,192,10,0.04886701806422965,211.0
0,25,192,10,0.04886701806422965,211.0
0,25,192,13,0.04886701806422965,267.0
0,25,192,10,0.04886701806422965,211.0
0,25,192,10,0.04529126914424646,254.0
0,25,269,10,0.03992397111647021,338.0
0,25,192,9,0.04421525325713969,278.0
0,25,192,10,0.04886701806422965,211.0
0,25,188,10,0.04324764533963897,305.0
0,25,192,10,0.04886701806422965,211.0
0,25,192,14,0.07541514926905121,310.0
0,25,192,10,0.052059547896453354,315.0
0,25,192,10,0.04886701806422965,211.0
0,25,192,10,0.04886701806422965,211.0
0,25,119,10,0.051016194748008475,350.0
0,25,202,10,0.04886701806422965,307.0
0,25,192,12,0.05282885242082483,252.0
0,25,192,10,0.055344805540286215,215.0
0,25,137,5,0.04886701806422965,284.0
0,25,192,10,0.056487567096837034,267.0
-1,25,192,19,0.04572173675612624,191.0
-1,25,419,19,0.35123911600123103,193.0
-1,25,192,10,0.04886701806422965,211.0
-1,25,192,14,0.05101697302717565,212.0
-1,25,192,10,0.04572173675612624,214.0
-1,25,192,10,0.055344805540286215,215.0
-1,25,192,21,0.04886701806422965,218.0
-1,25,192,6,0.04572173675612624,218.0
-1,25,192,30,0.0351831251201858,221.0
-1,25,183,30,0.04773519976433558,221.0
-1,25,192,30,0.04526467032649201,222.0
-1,25,192,5,0.054185063528341765,223.0
-1,25,209,10,0.04572173675612624,223.0
-1,25,213,28,0.04572173675612624,223.0
-1,25,192,10,0.054400564919746264,224.0
-1,25,192,30,0.04572173675612624,224.0
-1,25,161,24,0.04572173675612624,225.0
-1,25,210,17,0.04572173675612624,230.0
-1,25,192,25,0.04572173675612624,230.0
-1,25,419,14,0.34068062851466085,230.0
-1,25,323,20,0.12485875197021311,230.0
-1,25,192,12,0.05070287430300021,231.0
-1,25,192,10,0.05657611448653757,231.0
-1,25,192,10,0.04684260609213785,234.0
-1,25,192,10,0.043145318312220286,235.0
-1,25,192,10,0.04959555499433695,237.0
-1,25,192,30,0.04869733103487979,237.0
-1,25,192,27,0.04869733103487979,237.0
-1,25,192,9,0.046765590181477364,238.0
-1,25,192,17,0.047434041044467995,239.0
-1,25,192,10,0.0498092205336258,239.0
-1,25,211,19,0.04572173675612624,239.0
-1,25,187,8,0.04886701806422965,240.0
-1,25,249,10,0.058638589601377425,240.0
-1,25,166,17,0.04572173675612624,240.0
-1,25,192,7,0.04182738900932851,240.0
-1,25,192,9,0.06205468808575146,240.0
-1,25,192,20,0.05647828198796197,240.0
-1,25,192,7,0.04572173675612624,240.0
-1,25,254,28,0.04572173675612624,240.0
0,26,192,12,0.054185063528341765,268.0
0,26,192,7,0.05282885242082483,276.0
0,26,192,10,0.04886701806422965,211.0
0,26,83,10,0.04886701806422965,401.0
0,26,192,22,0.04886701806422965,292.0
0,26,262,10,0.04970383349345759,277.0
0,26,192,10,0.04886701806422965,211.0
0,26,336,10,0.04886701806422965,345.0
0,26,155,30,0.055344805540286215,311.0
0,26,287,16,0.04886701806422965,338.0
0,26,192,10,0.05005368951666351,288.0
0,26,192,16,0.0506312644215842,292.0
0,26,227,5,0.04886701806422965,314.0
0,26,192,10,0.04886701806422965,211.0
0,26,192,10,0.04426936141370714,209.0
0,26,191,6,0.04678838649568938,267.0
0,26,192,10,0.04886701806422965,211.0
0,26,192,10,0.04886701806422965,211.0
0,26,192,10,0.04886701806422965,211.0
0,26,192,10,0.04886701806422965,211.0
0,26,354,11,0.05648609691813877,454.0
0,26,151,10,0.04886701806422965,287.0
0,26,192,10,0.04886701806422965,211.0
0,26,192,10,0.04886701806422965,211.0
0,26,192,10,0.04886701806422965,211.0
0,26,192,10,0.04886701806422965,211.0
0,26,192,12,0.05282885242082483,252.0
0,26,192,10,0.04886701806422965,211.0
0,26,192,10,0.04886701806422965,211.0
0,26,192,13,0.04886701806422965,267.0
0,26,174,10,0.04428045101300664,250.0
0,26,192,10,0.04886701806422965,211.0
0,26,278,5,0.04886701806422965,314.0
0,26,192,10,0.04886701806422965,211.0
0,26,192,10,0.04281965807154779,304.0
0,26,192,12,0.05282885242082483,252.0
0,26,192,10,0.04886701806422965,211.0
0,26,192,10,0.04886701806422965,211.0
0,26,192,6,0.05567303274878952,267.0
0,26,108,10,0.04886701806422965,330.0
-1,26,192,19,0.04572173675612624,191.0
-1,26,419,19,0.35123911600123103,193.0
-1,26,192,10,0.04426936141370714,209.0
-1,26,192,10,0.04886701806422965,211.0
-1,26,192,14,0.05101697302717565,212.0
-1,26,192,10,0.04572173675612624,214.0
-1,26,192,10,0.055344805540286215,215.0
-1,26,192,21,0.04886701806422965,218.0
-1,26,192,6,0.04572173675612624,218.0
-1,26,192,30,0.0351831251201858,221.0
-1,26,183,30,0.04773519976433558,221.0
-1,26,192,30,0.04526467032649201,222.0
-1,26,192,5,0.054185063528341765,223.0
-1,26,209,10,0.04572173675612624,223.0
-1,26,213,28,0.04572173675612624,223.0
-1,26,192,10,0.054400564919746264,224.0
-1,26,192,30,0.04572173675612624,224.0
-1,26,161,24,0.04572173675612624,225.0
-1,26,210,17,0.04572173675612624,230.0
-1,26,192,25,0.04572173675612624,230.0
-1,26,419,14,0.34068062851466085,230.0
-1,26,323,20,0.12485875197021311,230.0
-1,26,192,12,0.05070287430300021,231.0
-1,26,192,10,0.05657611448653757,231.0
-1,26,192,10,0.04684260609213785,234.0
-1,26,192,10,0.043145318312220286,235.0
-1,26,192,10,0.04959555499433695,237.0
-1,26,192,30,0.04869733103487979,237.0
-1,26,192,27,0.04869733103487979,237.0
-1,26,192,9,0.046765590181477364,238.0
-1,26,192,17,0.047434041044467995,239.0
-1,26,192,10,0.0498092205336258,239.0
-1,26,211,19,0.04572173675612624,239.0
-1,26,187,8,0.04886701806422965,240.0
-1,26,249,10,0.058638589601377425,240.0
-1,26,166,17,0.04572173675612624,240.0
-1,26,192,7,0.04182738900932851,240.0
-1,26,192,9,0.06205468808575146,240.0
-1,26,192,20,0.05647828198796197,240.0
-1,26,192,7,0.04572173675612624,240.0
0,27,192,22,0.04886701806422965,292.0
0,27,192,10,0.04886701806422965,211.0
0,27,192,10,0.04886701806422965,211.0
0,27,282,13,0.04886701806422965,366.0
0,27,192,10,0.04886701806422965,211.0
0,27,192,10,0.04886701806422965,211.0
0,27,192,10,0.04886701806422965,211.0
0,27,192,10,0.04886701806422965,211.0
0,27,192,10,0.04886701806422965,211.0
0,27,192,10,0.04886701806422965,211.0
0,27,192,10,0.054185063528341765,254.0
0,27,83,6,0.059356482498410246,485.0
0,27,192,10,0.04886701806422965,211.0
0,27,192,10,0.04886701806422965,211.0
0,27,192,10,0.04886701806422965,211.0
0,27,192,12,0.05282885242082483,252.0
0,27,192,10,0.04886701806422965,211.0
0,27,121,10,0.031115214654253636,302.0
0,27,192,10,0.04886701806422965,211.0
0,27,192,10,0.04886701806422965,211.0
0,27,260,10,0.06307700281392306,262.0
0,27,273,10,0.05420330288456129,357.0
0,27,192,6,0.05567303274878952,267.0
0,27,191,6,0.04678838649568938,267.0
0,27,192,10,0.04886701806422965,211.0
0,27,192,10,0.04886701806422965,211.0
0,27,192,10,0.04886701806422965,211.0
0,27,192,10,0.04886701806422965,211.0
0,27,192,10,0.04886701806422965,211.0
0,27,39,19,0.053864037887133495,421.0
0,27,187,9,0.05011675136317185,244.0
0,27,194,10,0.04886701806422965,240.0
0,27,192,10,0.04886701806422965,211.0
0,27,136,10,0.05043558035377937,315.0
0,27,192,10,0.05282885242082483,311.0
0,27,248,12,0.04886701806422965,282.0
0,27,72,10,0.04886701806422965,461.0
0,27,192,10,0.04886701806422965,211.0
0,27,192,10,0.04886701806422965,211.0
0,27,199,10,0.05705495381390114,276.0
-1,27,192,19,0.04572173675612624,191.0
-1,27,419,19,0.35123911600123103,193.0
-1,27,192,10,0.04426936141370714,209.0
-1,27,192,10,0.04886701806422965,211.0
-1,27,192,14,0.05101697302717565,212.0
-1,27,192,10,0.04572173675612624,214.0
-1,27,192,10,0.055344805540286215,215.0
-1,27,192,21,0.04886701806422965,218.0
-1,27,192,6,0.04572173675612624,218.0
-1,27,192,30,0.0351831251201858,221.0
-1,27,183,30,0.04773519976433558,221.0
-1,27,192,30,0.04526467032649201,222.0
-1,27,192,5,0.054185063528341765,223.0
-1,27,209,10,0.04572173675612624,223.0
-1,27,213,28,0.04572173675612624,223.0
-1,27,192,10,0.054400564919746264,224.0
-1,27,192,30,0.04572173675612624,224.0
-1,27,161,24,0.04572173675612624,225.0
-1,27,210,17,0.04572173675612624,230.0
-1,27,192,25,0.04572173675612624,230.0
-1,27,419,14,0.34068062851466085,230.0
-1,27,323,20,0.12485875197021311,230.0
-1,27,192,12,0.05070287430300021,231.0
-1,27,192,10,0.05657611448653757,231.0
-1,27,192,10,0.04684260609213785,234.0
-1,27,192,10,0.043145318312220286,235.0
-1,27,192,10,0.04959555499433695,237.0
-1,27,192,30,0.04869733103487979,237.0
-1,27,192,27,0.04869733103487979,237.0
-1,27,192,9,0.046765590181477364,238.0
-1,27,192,17,0.047434041044467995,239.0
-1,27,192,10,0.0498092205336258,239.0
-1,27,211,19,0.04572173675612624,239.0
-1,27,187,8,0.04886701806422965,240.0
-1,27,249,10,0.058638589601377425,240.0
-1,27,166,17,0.04572173675612624,240.0
-1,27,192,7,0.04182738900932851,240.0
-1,27,192,9,0.06205468808575146,240.0
-1,27,192,20,0.05647828198796197,240.0
-1,27,192,7,0.04572173675612624,240.0
0,28,192,10,0.04886701806422965,211.0
0,28,192,10,0.06210041959228917,270.0
0,28,192,10,0.04886701806422965,211.0
0,28,192,10,0.04886701806422965,211.0
0,28,192,10,0.04886701806422965,211.0
0,28,192,12,0.05282885242082483,252.0
0,28,192,10,0.04886701806422965,211.0
0,28,260,10,0.06307700281392306,262.0
0,28,192,10,0.04886701806422965,211.0
0,28,192,10,0.04886701806422965,211.0
0,28,192,10,0.04886701806422965,211.0
0,28,192,10,0.04886701806422965,211.0
0,28,192,10,0.04886701806422965,211.0
0,28,192,5,0.04101852093008301,266.0
0,28,192,10,0.054185063528341765,254.0
0,28,192,10,0.04886701806422965,211.0
0,28,192,10,0.04886701806422965,211.0
0,28,192,10,0.04886701806422965,211.0
0,28,192,10,0.03211641122379867,265.0
0,28,187,9,0.06197227911103453,237.0
0,28,194,10,0.04886701806422965,240.0
0,28,151,10,0.05160919407927264,312.0
0,28,10,9,0.04886701806422965,443.0
0,28,187,10,0.05011675136317185,244.0
0,28,121,10,0.031115214654253636,302.0
0,28,192,12,0.05282885242082483,252.0
0,28,26,9,0.06300007985324453,415.0
0,28,192,10,0.04886701806422965,211.0
0,28,192,18,0.05567303274878952,290.0
0,28,169,6,0.04886701806422965,230.0
0,28,192,10,0.04886701806422965,211.0
0,28,133,10,0.04886701806422965,294.0
0,28,192,10,0.04886701806422965,211.0
0,28,192,10,0.04886701806422965,211.0
0,28,192,10,0.04886701806422965,211.0
0,28,192,12,0.04886701806422965,279.0
0,28,192,10,0.04886701806422965,211.0
0,28,192,10,0.054185063528341765,254.0
0,28,140,10,0.03914058546768893,253.0
0,28,192,10,0.04886701806422965,211.0
-1,28,192,19,0.04572173675612624,191.0
-1,28,419,19,0.35123911600123103,193.0
-1,28,192,10,0.04426936141370714,209.0
-1,28,192,10,0.04886701806422965,211.0
-1,28,192,14,0.05101697302717565,212.0
-1,28,192,10,0.04572173675612624,214.0
-1,28,192,10,0.055344805540286215,215.0
-1,28,192,21,0.04886701806422965,218.0
-1,28,192,6,0.04572173675612624,218.0
-1,28,192,30,0.0351831251201858,221.0
-1,28,183,30,0.04773519976433558,221.0
-1,28,192,30,0.04526467032649201,222.0
-1,28,192,5,0.054185063528341765,223.0
-1,28,209,10,0.04572173675612624,223.0
-1,28,213,28,0.04572173675612624,223.0
-1,28,192,10,0.054400564919746264,224.0
-1,28,192,30,0.04572173675612624,224.0
-1,28,161,24,0.04572173675612624,225.0
-1,28,169,6,0.04886701806422965,230.0
-1,28,210,17,0.04572173675612624,230.0
-1,28,192,25,0.04572173675612624,230.0
-1,28,419,14,0.34068062851466085,230.0
-1,28,323,20,0.12485875197021311,230.0
-1,28,192,12,0.05070287430300021,231.0
-1,28,192,10,0.05657611448653757,231.0
-1,28,192,10,0.04684260609213785,234.0
-1,28,192,10,0.043145318312220286,235.0
-1,28,187,9,0.06197227911103453,237.0
-1,28,192,10,0.04959555499433695,237.0
-1,28,192,30,0.04869733103487979,237.0
-1,28,192,27,0.04869733103487979,237.0
-1,28,192,9,0.046765590181477364,238.0
-1,28,192,17,0.047434041044467995,239.0
-1,28,192,10,0.0498092205336258,239.0
-1,28,211,19,0.04572173675612624,239.0
-1,28,187,8,0.04886701806422965,240.0
-1,28,249,10,0.058638589601377425,240.0
-1,28,166,17,0.04572173675612624,240.0
-1,28,192,7,0.04182738900932851,240.0
-1,28,192,9,0.06205468808575146,240.0
0,29,192,10,0.04886701806422965,211.0
0,29,66,6,0.05968208652051528,455.0
0,29,192,10,0.03859471906257022,291.0
0,29,192,10,0.04886701806422965,211.0
0,29,192,10,0.04886701806422965,211.0
0,29,173,10,0.058702715181572246,250.0
0,29,186,10,0.04886701806422965,242.0
0,29,192,10,0.04886701806422965,211.0
0,29,192,10,0.04886701806422965,211.0
0,29,192,10,0.06862132493743472,241.0
0,29,187,9,0.06197227911103453,237.0
0,29,192,10,0.04886701806422965,211.0
0,29,192,10,0.04886701806422965,211.0
0,29,192,7,0.05381660834200785,266.0
0,29,192,10,0.04886701806422965,211.0
0,29,192,10,0.04886701806422965,211.0
0,29,192,11,0.051796559402908886,293.0
0,29,192,10,0.043901795490526106,268.0
0,29,192,10,0.04886701806422965,211.0
0,29,192,10,0.04886701806422965,211.0
0,29,280,10,0.04886701806422965,376.0
0,29,169,6,0.04886701806422965,230.0
0,29,192,10,0.04886701806422965,211.0
0,29,140,10,0.03914058546768893,253.0
0,29,66,17,0.04886701806422965,408.0
0,29,192,11,0.0410419512300529,279.0
0,29,192,10,0.03914058546768893,279.0
0,29,140,10,0.04886701806422965,307.0
0,29,192,10,0.04886701806422965,211.0
0,29,192,10,0.04886701806422965,211.0
0,29,192,10,0.04886701806422965,211.0
0,29,223,5,0.059821879180075546,343.0
0,29,192,10,0.04886701806422965,211.0
0,29,167,10,0.04886701806422965,254.0
0,29,192,10,0.04886701806422965,211.0
0,29,192,10,0.04886701806422965,211.0
0,29,192,10,0.04886701806422965,211.0
0,29,192,10,0.04886701806422965,211.0
0,29,365,13,0.04886701806422965,450.0
0,29,192,10,0.053029586697548106,243.0
-1,29,192,19,0.04572173675612624,191.0
-1,29,419,19,0.35123911600123103,193.0
-1,29,192,10,0.04426936141370714,209.0
-1,29,192,10,0.04886701806422965,211.0
-1,29,192,14,0.05101697302717565,212.0
-1,29,192,10,0.04572173675612624,214.0
-1,29,192,10,0.055344805540286215,215.0
-1,29,192,21,0.04886701806422965,218.0
-1,29,192,6,0.04572173675612624,218.0
-1,29,192,30,0.0351831251201858,221.0
-1,29,183,30,0.04773519976433558,221.0
-1,29,192,30,0.04526467032649201,222.0
-1,29,192,5,0.054185063528341765,223.0
-1,29,209,10,0.04572173675612624,223.0
-1,29,213,28,0.04572173675612624,223.0
-1,29,192,10,0.054400564919746264,224.0
-1,29,192,30,0.04572173675612624,224.0
-1,29,161,24,0.04572173675612624,225.0
-1,29,169,6,0.04886701806422965,230.0
-1,29,210,17,0.04572173675612624,230.0
-1,29,192,25,0.04572173675612624,230.0
-1,29,419,14,0.34068062851466085,230.0
-1,29,323,20,0.12485875197021311,230.0
-1,29,192,12,0.05070287430300021,231.0
-1,29,192,10,0.05657611448653757,231.0
-1,29,192,10,0.04684260609213785,234.0
-1,29,192,10,0.043145318312220286,235.0
-1,29,187,9,0.06197227911103453,237.0
-1,29,192,10,0.04959555499433695,237.0
-1,29,192,30,0.04869733103487979,237.0
-1,29,192,27,0.04869733103487979,237.0
-1,29,192,9,0.046765590181477364,238.0
-1,29,192,17,0.047434041044467995,239.0
-1,29,192,10,0.0498092205336258,239.0
-1,29,211,19,0.04572173675612624,239.0
-1,29,187,8,0.04886701806422965,240.0
-1,29,249,10,0.058638589601377425,240.0
-1,29,166,17,0.04572173675612624,240.0
-1,29,192,7,0.04182738900932851,240.0
-1,29,192,9,0.06205468808575146,240.0
0,30,169,5,0.04886701806422965,273.0
0,30,130,5,0.04886701806422965,314.0
0,30,192,10,0.04886701806422965,211.0
0,30,192,7,0.04780536105518549,297.0
0,30,192,10,0.04886701806422965,211.0
0,30,192,10,0.04886701806422965,211.0
0,30,136,10,0.03842419726709363,297.0
0,30,192,10,0.04886701806422965,211.0
0,30,192,10,0.04886701806422965,211.0
0,30,192,10,0.04886701806422965,211.0
0,30,192,10,0.04886701806422965,211.0
0,30,192,10,0.04886701806422965,211.0
0,30,192,10,0.04886701806422965,211.0
0,30,192,10,0.04886701806422965,211.0
0,30,192,7,0.04886701806422965,273.0
0,30,192,11,0.051796559402908886,293.0
0,30,192,10,0.04886701806422965,211.0
0,30,268,10,0.03975856976275442,300.0
0,30,192,10,0.04739535568005933,281.0
0,30,192,10,0.04886701806422965,211.0
0,30,192,10,0.04886701806422965,211.0
0,30,192,10,0.04886701806422965,211.0
0,30,192,10,0.04886701806422965,211.0
0,30,192,10,0.04886701806422965,211.0
0,30,192,10,0.04886701806422965,211.0
0,30,192,10,0.04886701806422965,211.0
0,30,192,10,0.04886701806422965,211.0
0,30,192,10,0.04886701806422965,211.0
0,30,192,5,0.04711334469476734,302.0
0,30,192,10,0.04886701806422965,211.0
0,30,192,10,0.04886701806422965,211.0
0,30,163,5,0.05561029917986192,248.0
0,30,192,10,0.04886701806422965,211.0
0,30,174,10,0.05016497678217031,284.0
0,30,192,10,0.04886701806422965,211.0
0,30,192,14,0.0573051324446938,228.0
0,30,124,11,0.04804535660591515,305.0
0,30,231,13,0.0517467109703051,276.0
0,30,192,10,0.04886701806422965,211.0
0,30,192,10,0.04886701806422965,211.0
-1,30,192,19,0.04572173675612624,191.0
-1,30,419,19,0.35123911600123103,193.0
-1,30,192,10,0.04426936141370714,209.0
-1,30,192,10,0.04886701806422965,211.0
-1,30,192,14,0.05101697302717565,212.0
-1,30,192,10,0.04572173675612624,214.0
-1,30,192,10,0.055344805540286215,215.0
-1,30,192,21,0.04886701806422965,218.0
-1,30,192,6,0.04572173675612624,218.0
-1,30,192,30,0.0351831251201858,221.0
-1,30,183,30,0.04773519976433558,221.0
-1,30,192,30,0.04526467032649201,222.0
-1,30,192,5,0.054185063528341765,223.0
-1,30,209,10,0.04572173675612624,223.0
-1,30,213,28,0.04572173675612624,223.0
-1,30,192,10,0.054400564919746264,224.0
-1,30,192,30,0.04572173675612624,224.0
-1,30,161,24,0.04572173675612624,225.0
-1,30,192,14,0.0573051324446938,228.0
-1,30,169,6,0.04886701806422965,230.0
-1,30,210,17,0.04572173675612624,230.0
-1,30,192,25,0.04572173675612624,230.0
-1,30,419,14,0.34068062851466085,230.0
-1,30,323,20,0.12485875197021311,230.0
-1,30,192,12,0.05070287430300021,231.0
-1,30,192,10,0.05657611448653757,231.0
-1,30,192,10,0.04684260609213785,234.0
-1,30,192,10,0.043145318312220286,235.0
-1,30,187,9,0.06197227911103453,237.0
-1,30,192,10,0.04959555499433695,237.0
-1,30,192,30,0.04869733103487979,237.0
-1,30,192,27,0.04869733103487979,237.0
-1,30,192,9,0.046765590181477364,238.0
-1,30,192,17,0.047434041044467995,239.0
-1,30,192,10,0.0498092205336258,239.0
-1,30,211,19,0.04572173675612624,239.0
-1,30,187,8,0.04886701806422965,240.0
-1,30,249,10,0.058638589601377425,240.0
-1,30,166,17,0.04572173675612624,240.0
-1,30,192,7,0.04182738900932851,240.0
-1,-1,192,19,0.04572173675612624,191.0
-1,-1,419,19,0.35123911600123103,193.0
-1,-1,192,10,0.04426936141370714,209.0
-1,-1,192,10,0.04886701806422965,211.0
-1,-1,192,14,0.05101697302717565,212.0
-1,-1,192,10,0.04572173675612624,214.0
-1,-1,192,10,0.055344805540286215,215.0
-1,-1,192,21,0.04886701806422965,218.0
-1,-1,192,6,0.04572173675612624,218.0
-1,-1,192,30,0.0351831251201858,221.0
-1,-1,183,30,0.04773519976433558,221.0
-1,-1,192,30,0.04526467032649201,222.0
-1,-1,192,5,0.054185063528341765,223.0
-1,-1,209,10,0.04572173675612624,223.0
-1,-1,213,28,0.04572173675612624,223.0
-1,-1,192,10,0.054400564919746264,224.0
-1,-1,192,30,0.04572173675612624,224.0
-1,-1,161,24,0.04572173675612624,225.0
-1,-1,192,14,0.0573051324446938,228.0
-1,-1,169,6,0.04886701806422965,230.0
-1,-1,210,17,0.04572173675612624,230.0
-1,-1,192,25,0.04572173675612624,230.0
-1,-1,419,14,0.34068062851466085,230.0
-1,-1,323,20,0.12485875197021311,230.0
-1,-1,192,12,0.05070287430300021,231.0
-1,-1,192,10,0.05657611448653757,231.0
-1,-1,192,10,0.04684260609213785,234.0
-1,-1,192,10,0.043145318312220286,235.0
-1,-1,187,9,0.06197227911103453,237.0
-1,-1,192,10,0.04959555499433695,237.0
-1,-1,192,30,0.04869733103487979,237.0
-1,-1,192,27,0.04869733103487979,237.0
-1,-1,192,9,0.046765590181477364,238.0
-1,-1,192,17,0.047434041044467995,239.0
-1,-1,192,10,0.0498092205336258,239.0
-1,-1,211,19,0.04572173675612624,239.0
-1,-1,187,8,0.04886701806422965,240.0
-1,-1,249,10,0.058638589601377425,240.0
-1,-1,166,17,0.04572173675612624,240.0
-1,-1,192,7,0.04182738900932851,240.0
