	Time	Alive	Apoptotic	Necrotic
0	0.0	1137.0	0.0	0.0
1	1.0	1169.0	0.0	0.0
2	2.0	1169.0	0.0	0.0
3	3.0	1183.0	0.0	0.0
4	4.0	1183.0	0.0	0.0
5	5.0	1191.0	0.0	0.0
6	6.0	1191.0	0.0	0.0
7	7.0	1199.0	0.0	0.0
8	8.0	1199.0	0.0	0.0
9	9.0	1209.0	0.0	0.0
10	10.0	1209.0	0.0	0.0
11	11.0	1214.0	0.0	0.0
12	12.0	1214.0	0.0	0.0
13	13.0	1216.0	0.0	0.0
14	14.0	1216.0	0.0	0.0
15	15.0	1217.0	0.0	0.0
16	16.0	1217.0	0.0	0.0
17	17.0	1218.0	0.0	0.0
18	18.0	1218.0	0.0	0.0
19	19.0	1219.0	0.0	0.0
20	20.0	1219.0	0.0	0.0
21	21.0	1220.0	0.0	0.0
22	22.0	1220.0	0.0	0.0
23	23.0	1220.0	0.0	0.0
24	24.0	1220.0	0.0	0.0
25	25.0	1220.0	0.0	0.0
26	26.0	1220.0	0.0	0.0
27	27.0	1221.0	0.0	0.0
28	28.0	1221.0	0.0	0.0
29	29.0	1221.0	1.0	0.0
30	30.0	1221.0	1.0	0.0
31	31.0	1222.0	1.0	0.0
32	32.0	1222.0	1.0	0.0
33	33.0	1223.0	1.0	0.0
34	34.0	1223.0	1.0	0.0
35	35.0	1224.0	1.0	0.0
36	36.0	1224.0	1.0	0.0
37	37.0	1226.0	2.0	0.0
38	38.0	1226.0	2.0	0.0
39	39.0	1227.0	2.0	0.0
40	40.0	1227.0	2.0	0.0
41	41.0	1228.0	2.0	0.0
42	42.0	1228.0	2.0	0.0
43	43.0	1229.0	2.0	0.0
44	44.0	1229.0	2.0	0.0
45	45.0	1229.0	3.0	0.0
46	46.0	1229.0	3.0	0.0
47	47.0	1229.0	3.0	0.0
48	48.0	1229.0	3.0	0.0
49	49.0	1228.0	4.0	0.0
50	50.0	1228.0	4.0	0.0
51	51.0	1228.0	4.0	0.0
52	52.0	1228.0	4.0	0.0
53	53.0	1227.0	5.0	1.0
54	54.0	1227.0	5.0	1.0
55	55.0	1228.0	5.0	1.0
56	56.0	1228.0	5.0	1.0
57	57.0	1229.0	6.0	1.0
58	58.0	1229.0	6.0	1.0
59	59.0	1231.0	6.0	1.0
60	60.0	1231.0	6.0	1.0
61	61.0	1228.0	8.0	2.0
62	62.0	1228.0	8.0	2.0
63	63.0	1229.0	8.0	2.0
64	64.0	1229.0	8.0	2.0
65	65.0	1228.0	9.0	2.0
66	66.0	1228.0	9.0	2.0
67	67.0	1226.0	9.0	5.0
68	68.0	1226.0	9.0	5.0
69	69.0	1222.0	11.0	7.0
70	70.0	1222.0	11.0	7.0
71	71.0	1222.0	11.0	7.0
72	72.0	1222.0	11.0	7.0
73	73.0	1223.0	11.0	7.0
74	74.0	1223.0	11.0	7.0
75	75.0	1222.0	12.0	7.0
76	76.0	1222.0	12.0	7.0
77	77.0	1219.0	15.0	7.0
78	78.0	1219.0	15.0	7.0
79	79.0	1214.0	16.0	11.0
80	80.0	1214.0	16.0	11.0
81	81.0	1211.0	19.0	11.0
82	82.0	1211.0	19.0	11.0
83	83.0	1208.0	22.0	11.0
84	84.0	1208.0	22.0	11.0
85	85.0	1207.0	24.0	12.0
86	86.0	1207.0	24.0	12.0
87	87.0	1207.0	27.0	12.0
88	88.0	1207.0	27.0	12.0
89	89.0	1201.0	29.0	17.0
90	90.0	1201.0	29.0	17.0
91	91.0	1199.0	31.0	18.0
92	92.0	1199.0	31.0	18.0
93	93.0	1197.0	33.0	18.0
94	94.0	1197.0	33.0	18.0
95	95.0	1195.0	35.0	19.0
96	96.0	1195.0	35.0	19.0
97	97.0	1192.0	38.0	20.0
98	98.0	1192.0	38.0	20.0
99	99.0	1190.0	40.0	20.0
100	100.0	1190.0	40.0	20.0
101	101.0	1187.0	43.0	20.0
102	102.0	1187.0	43.0	20.0
103	103.0	1186.0	45.0	20.0
104	104.0	1186.0	45.0	20.0
105	105.0	1183.0	48.0	20.0
106	106.0	1183.0	48.0	20.0
107	107.0	1179.0	53.0	20.0
108	108.0	1179.0	53.0	20.0
109	109.0	1176.0	57.0	20.0
110	110.0	1176.0	57.0	20.0
111	111.0	1172.0	64.0	20.0
112	112.0	1172.0	64.0	20.0
113	113.0	1172.0	65.0	20.0
114	114.0	1172.0	65.0	20.0
115	115.0	1169.0	68.0	21.0
116	116.0	1169.0	68.0	21.0
117	117.0	1167.0	70.0	21.0
118	118.0	1167.0	70.0	21.0
119	119.0	1167.0	71.0	21.0
120	120.0	1167.0	71.0	21.0
121	121.0	1165.0	73.0	22.0
122	122.0	1165.0	73.0	22.0
123	123.0	1164.0	75.0	22.0
124	124.0	1164.0	75.0	22.0
125	125.0	1160.0	78.0	23.0
126	126.0	1160.0	78.0	23.0
127	127.0	1157.0	79.0	25.0
128	128.0	1157.0	79.0	25.0
129	129.0	1156.0	80.0	25.0
130	130.0	1156.0	80.0	25.0
131	131.0	1155.0	81.0	25.0
132	132.0	1155.0	81.0	25.0
133	133.0	1153.0	84.0	26.0
134	134.0	1153.0	84.0	26.0
135	135.0	1152.0	87.0	26.0
136	136.0	1152.0	87.0	26.0
137	137.0	1157.0	87.0	26.0
138	138.0	1157.0	87.0	26.0
139	139.0	1156.0	89.0	26.0
140	140.0	1156.0	89.0	26.0
141	141.0	1155.0	90.0	26.0
142	142.0	1155.0	90.0	26.0
143	143.0	1155.0	91.0	27.0
144	144.0	1155.0	91.0	27.0
145	145.0	1158.0	91.0	27.0
146	146.0	1158.0	91.0	27.0
147	147.0	1156.0	93.0	27.0
148	148.0	1156.0	93.0	27.0
149	149.0	1154.0	95.0	28.0
150	150.0	1154.0	95.0	28.0
151	151.0	1154.0	96.0	28.0
152	152.0	1154.0	96.0	28.0
153	153.0	1151.0	100.0	29.0
154	154.0	1151.0	100.0	29.0
155	155.0	1152.0	100.0	29.0
156	156.0	1152.0	100.0	29.0
157	157.0	1153.0	101.0	29.0
158	158.0	1153.0	101.0	29.0
159	159.0	1151.0	103.0	29.0
160	160.0	1151.0	103.0	29.0
161	161.0	1151.0	104.0	29.0
162	162.0	1151.0	104.0	29.0
163	163.0	1151.0	105.0	29.0
164	164.0	1151.0	105.0	29.0
165	165.0	1155.0	105.0	29.0
166	166.0	1155.0	105.0	29.0
167	167.0	1156.0	105.0	29.0
168	168.0	1156.0	105.0	29.0
169	169.0	1155.0	106.0	29.0
170	170.0	1155.0	106.0	29.0
171	171.0	1155.0	106.0	30.0
172	172.0	1155.0	106.0	30.0
173	173.0	1158.0	106.0	30.0
174	174.0	1158.0	106.0	30.0
175	175.0	1158.0	108.0	30.0
176	176.0	1158.0	108.0	30.0
177	177.0	1158.0	109.0	30.0
178	178.0	1158.0	109.0	30.0
179	179.0	1159.0	109.0	30.0
180	180.0	1159.0	109.0	30.0
181	181.0	1161.0	109.0	30.0
182	182.0	1161.0	109.0	30.0
183	183.0	1166.0	109.0	30.0
184	184.0	1166.0	109.0	30.0
185	185.0	1168.0	109.0	30.0
186	186.0	1168.0	109.0	30.0
187	187.0	1168.0	109.0	30.0
188	188.0	1168.0	109.0	30.0
189	189.0	1171.0	109.0	30.0
190	190.0	1171.0	109.0	30.0
191	191.0	1172.0	109.0	30.0
192	192.0	1172.0	109.0	30.0
193	193.0	1173.0	109.0	30.0
194	194.0	1173.0	109.0	30.0
195	195.0	1174.0	109.0	30.0
196	196.0	1174.0	109.0	30.0
197	197.0	1176.0	109.0	30.0
198	198.0	1176.0	109.0	30.0
199	199.0	1175.0	110.0	30.0
200	200.0	1175.0	110.0	30.0
201	201.0	1176.0	111.0	30.0
202	202.0	1176.0	111.0	30.0
203	203.0	1176.0	111.0	30.0
204	204.0	1176.0	111.0	30.0
205	205.0	1176.0	111.0	30.0
206	206.0	1176.0	111.0	30.0
207	207.0	1177.0	111.0	30.0
208	208.0	1177.0	111.0	30.0
209	209.0	1181.0	111.0	30.0
210	210.0	1181.0	111.0	30.0
211	211.0	1185.0	111.0	30.0
212	212.0	1185.0	111.0	30.0
213	213.0	1187.0	111.0	30.0
214	214.0	1187.0	111.0	30.0
215	215.0	1187.0	111.0	30.0
216	216.0	1187.0	111.0	30.0
217	217.0	1190.0	111.0	30.0
218	218.0	1190.0	111.0	30.0
219	219.0	1191.0	111.0	30.0
220	220.0	1191.0	111.0	30.0
221	221.0	1194.0	111.0	30.0
222	222.0	1194.0	111.0	30.0
223	223.0	1197.0	111.0	30.0
224	224.0	1197.0	111.0	30.0
225	225.0	1198.0	111.0	30.0
226	226.0	1198.0	111.0	30.0
227	227.0	1199.0	111.0	30.0
228	228.0	1199.0	111.0	30.0
229	229.0	1203.0	111.0	30.0
230	230.0	1203.0	111.0	30.0
231	231.0	1205.0	111.0	30.0
232	232.0	1205.0	111.0	30.0
233	233.0	1206.0	112.0	30.0
234	234.0	1206.0	112.0	30.0
235	235.0	1206.0	113.0	30.0
236	236.0	1206.0	113.0	30.0
237	237.0	1208.0	113.0	30.0
238	238.0	1208.0	113.0	30.0
239	239.0	1211.0	113.0	30.0
240	240.0	1211.0	113.0	30.0
241	241.0	1210.0	114.0	30.0
242	242.0	1210.0	114.0	30.0
243	243.0	1209.0	115.0	30.0
244	244.0	1209.0	115.0	30.0
245	245.0	1209.0	115.0	30.0
246	246.0	1209.0	115.0	30.0
247	247.0	1210.0	115.0	30.0
248	248.0	1210.0	115.0	30.0
249	249.0	1210.0	116.0	30.0
250	250.0	1210.0	116.0	30.0
251	251.0	1210.0	116.0	30.0
252	252.0	1210.0	116.0	30.0
253	253.0	1211.0	116.0	30.0
254	254.0	1211.0	116.0	30.0
255	255.0	1214.0	116.0	30.0
256	256.0	1214.0	116.0	30.0
257	257.0	1218.0	116.0	30.0
258	258.0	1218.0	116.0	30.0
259	259.0	1222.0	116.0	30.0
260	260.0	1222.0	116.0	30.0
261	261.0	1223.0	116.0	30.0
262	262.0	1223.0	116.0	30.0
263	263.0	1224.0	116.0	30.0
264	264.0	1224.0	116.0	30.0
265	265.0	1226.0	116.0	30.0
266	266.0	1226.0	116.0	30.0
267	267.0	1229.0	116.0	30.0
268	268.0	1229.0	116.0	30.0
269	269.0	1233.0	116.0	30.0
270	270.0	1233.0	116.0	30.0
271	271.0	1235.0	116.0	30.0
272	272.0	1235.0	116.0	30.0
273	273.0	1236.0	116.0	30.0
274	274.0	1236.0	116.0	30.0
275	275.0	1237.0	117.0	30.0
276	276.0	1237.0	117.0	30.0
277	277.0	1238.0	117.0	30.0
278	278.0	1238.0	117.0	30.0
279	279.0	1239.0	117.0	30.0
280	280.0	1239.0	117.0	30.0
281	281.0	1241.0	117.0	30.0
282	282.0	1241.0	117.0	30.0
283	283.0	1241.0	118.0	30.0
284	284.0	1241.0	118.0	30.0
285	285.0	1242.0	118.0	30.0
286	286.0	1242.0	118.0	30.0
287	287.0	1243.0	118.0	30.0
288	288.0	1243.0	118.0	30.0
289	289.0	1243.0	118.0	30.0
290	290.0	1243.0	118.0	30.0
291	291.0	1245.0	118.0	30.0
292	292.0	1245.0	118.0	30.0
293	293.0	1250.0	118.0	30.0
294	294.0	1250.0	118.0	30.0
295	295.0	1253.0	119.0	30.0
296	296.0	1253.0	119.0	30.0
297	297.0	1259.0	119.0	30.0
298	298.0	1259.0	119.0	30.0
299	299.0	1261.0	119.0	30.0
300	300.0	1261.0	119.0	30.0
301	301.0	1263.0	119.0	30.0
302	302.0	1263.0	119.0	30.0
303	303.0	1264.0	120.0	30.0
304	304.0	1264.0	120.0	30.0
305	305.0	1267.0	121.0	30.0
306	306.0	1267.0	121.0	30.0
307	307.0	1268.0	121.0	30.0
308	308.0	1268.0	121.0	30.0
309	309.0	1270.0	121.0	30.0
310	310.0	1270.0	121.0	30.0
311	311.0	1272.0	122.0	30.0
312	312.0	1272.0	122.0	30.0
313	313.0	1274.0	122.0	30.0
314	314.0	1274.0	122.0	30.0
315	315.0	1274.0	123.0	30.0
316	316.0	1274.0	123.0	30.0
317	317.0	1276.0	123.0	30.0
318	318.0	1276.0	123.0	30.0
319	319.0	1279.0	123.0	30.0
320	320.0	1279.0	123.0	30.0
321	321.0	1283.0	124.0	30.0
322	322.0	1283.0	124.0	30.0
323	323.0	1284.0	124.0	30.0
324	324.0	1284.0	124.0	30.0
325	325.0	1287.0	124.0	30.0
326	326.0	1287.0	124.0	30.0
327	327.0	1288.0	124.0	30.0
328	328.0	1288.0	124.0	30.0
329	329.0	1291.0	124.0	30.0
330	330.0	1291.0	124.0	30.0
331	331.0	1297.0	124.0	30.0
332	332.0	1297.0	124.0	30.0
333	333.0	1300.0	124.0	30.0
334	334.0	1300.0	124.0	30.0
335	335.0	1300.0	124.0	30.0
336	336.0	1300.0	124.0	30.0
337	337.0	1302.0	124.0	30.0
338	338.0	1302.0	124.0	30.0
339	339.0	1305.0	124.0	30.0
340	340.0	1305.0	124.0	30.0
341	341.0	1305.0	124.0	30.0
342	342.0	1305.0	124.0	30.0
343	343.0	1307.0	124.0	30.0
344	344.0	1307.0	124.0	30.0
345	345.0	1308.0	124.0	30.0
346	346.0	1308.0	124.0	30.0
347	347.0	1307.0	125.0	30.0
348	348.0	1307.0	125.0	30.0
349	349.0	1309.0	125.0	30.0
350	350.0	1309.0	125.0	30.0
351	351.0	1312.0	126.0	30.0
352	352.0	1312.0	126.0	30.0
353	353.0	1315.0	126.0	30.0
354	354.0	1315.0	126.0	30.0
355	355.0	1316.0	127.0	30.0
356	356.0	1316.0	127.0	30.0
357	357.0	1316.0	127.0	30.0
358	358.0	1316.0	127.0	30.0
359	359.0	1320.0	126.0	30.0
360	360.0	1320.0	126.0	30.0
361	361.0	1323.0	126.0	30.0
362	362.0	1323.0	126.0	30.0
363	363.0	1326.0	126.0	30.0
364	364.0	1326.0	126.0	30.0
365	365.0	1328.0	126.0	30.0
366	366.0	1328.0	126.0	30.0
367	367.0	1330.0	126.0	30.0
368	368.0	1330.0	126.0	30.0
369	369.0	1330.0	126.0	30.0
370	370.0	1330.0	126.0	30.0
371	371.0	1333.0	126.0	30.0
372	372.0	1333.0	126.0	30.0
373	373.0	1336.0	126.0	30.0
374	374.0	1336.0	126.0	30.0
375	375.0	1341.0	126.0	30.0
376	376.0	1341.0	126.0	30.0
377	377.0	1345.0	126.0	30.0
378	378.0	1345.0	126.0	30.0
379	379.0	1350.0	126.0	30.0
380	380.0	1350.0	126.0	30.0
381	381.0	1353.0	126.0	30.0
382	382.0	1353.0	126.0	30.0
383	383.0	1359.0	126.0	30.0
384	384.0	1359.0	126.0	30.0
385	385.0	1361.0	126.0	30.0
386	386.0	1361.0	126.0	30.0
387	387.0	1364.0	126.0	30.0
388	388.0	1364.0	126.0	30.0
389	389.0	1366.0	125.0	30.0
390	390.0	1366.0	125.0	30.0
391	391.0	1373.0	125.0	30.0
392	392.0	1373.0	125.0	30.0
393	393.0	1376.0	125.0	30.0
394	394.0	1376.0	125.0	30.0
395	395.0	1386.0	125.0	30.0
396	396.0	1386.0	125.0	30.0
397	397.0	1389.0	125.0	30.0
398	398.0	1389.0	125.0	30.0
399	399.0	1389.0	126.0	30.0
400	400.0	1389.0	126.0	30.0
401	401.0	1395.0	127.0	30.0
402	402.0	1395.0	127.0	30.0
403	403.0	1401.0	127.0	30.0
404	404.0	1401.0	127.0	30.0
405	405.0	1409.0	127.0	30.0
406	406.0	1409.0	127.0	30.0
407	407.0	1414.0	127.0	30.0
408	408.0	1414.0	127.0	30.0
409	409.0	1416.0	129.0	30.0
410	410.0	1416.0	129.0	30.0
411	411.0	1421.0	129.0	30.0
412	412.0	1421.0	129.0	30.0
413	413.0	1424.0	129.0	30.0
414	414.0	1424.0	129.0	30.0
415	415.0	1431.0	129.0	30.0
416	416.0	1431.0	129.0	30.0
417	417.0	1433.0	129.0	30.0
418	418.0	1433.0	129.0	30.0
419	419.0	1438.0	129.0	30.0
420	420.0	1438.0	129.0	30.0
421	421.0	1447.0	128.0	30.0
422	422.0	1447.0	128.0	30.0
423	423.0	1455.0	128.0	30.0
424	424.0	1455.0	128.0	30.0
425	425.0	1458.0	128.0	30.0
426	426.0	1458.0	128.0	30.0
427	427.0	1460.0	128.0	30.0
428	428.0	1460.0	128.0	30.0
429	429.0	1461.0	130.0	30.0
430	430.0	1461.0	130.0	30.0
431	431.0	1464.0	130.0	30.0
432	432.0	1464.0	130.0	30.0
433	433.0	1470.0	129.0	30.0
434	434.0	1470.0	129.0	30.0
435	435.0	1480.0	129.0	30.0
436	436.0	1480.0	129.0	30.0
437	437.0	1487.0	129.0	30.0
438	438.0	1487.0	129.0	30.0
439	439.0	1489.0	129.0	30.0
440	440.0	1489.0	129.0	30.0
441	441.0	1498.0	128.0	30.0
442	442.0	1498.0	128.0	30.0
443	443.0	1502.0	127.0	30.0
444	444.0	1502.0	127.0	30.0
445	445.0	1507.0	125.0	30.0
446	446.0	1507.0	125.0	30.0
447	447.0	1508.0	128.0	30.0
448	448.0	1508.0	128.0	30.0
449	449.0	1513.0	127.0	30.0
450	450.0	1513.0	127.0	30.0
451	451.0	1517.0	127.0	30.0
452	452.0	1517.0	127.0	30.0
453	453.0	1525.0	126.0	30.0
454	454.0	1525.0	126.0	30.0
455	455.0	1530.0	125.0	30.0
456	456.0	1530.0	125.0	30.0
457	457.0	1532.0	125.0	30.0
458	458.0	1532.0	125.0	30.0
459	459.0	1537.0	126.0	30.0
460	460.0	1537.0	126.0	30.0
461	461.0	1544.0	126.0	30.0
462	462.0	1544.0	126.0	30.0
463	463.0	1546.0	126.0	30.0
464	464.0	1546.0	126.0	30.0
465	465.0	1550.0	124.0	30.0
466	466.0	1550.0	124.0	30.0
467	467.0	1556.0	122.0	30.0
468	468.0	1556.0	122.0	30.0
469	469.0	1562.0	122.0	30.0
470	470.0	1562.0	122.0	30.0
471	471.0	1567.0	120.0	30.0
472	472.0	1567.0	120.0	30.0
473	473.0	1573.0	119.0	30.0
474	474.0	1573.0	119.0	30.0
475	475.0	1581.0	119.0	30.0
476	476.0	1581.0	119.0	30.0
477	477.0	1590.0	118.0	30.0
478	478.0	1590.0	118.0	30.0
479	479.0	1597.0	116.0	30.0
480	480.0	1597.0	116.0	30.0
481	481.0	1605.0	116.0	30.0
482	482.0	1605.0	116.0	30.0
483	483.0	1615.0	116.0	30.0
484	484.0	1615.0	116.0	30.0
485	485.0	1619.0	114.0	30.0
486	486.0	1619.0	114.0	30.0
487	487.0	1622.0	114.0	30.0
488	488.0	1622.0	114.0	30.0
489	489.0	1626.0	114.0	30.0
490	490.0	1626.0	114.0	30.0
491	491.0	1630.0	113.0	30.0
492	492.0	1630.0	113.0	30.0
493	493.0	1640.0	111.0	30.0
494	494.0	1640.0	111.0	30.0
495	495.0	1645.0	110.0	30.0
496	496.0	1645.0	110.0	30.0
497	497.0	1652.0	112.0	30.0
498	498.0	1652.0	112.0	30.0
499	499.0	1658.0	111.0	30.0
500	500.0	1658.0	111.0	30.0
501	501.0	1677.0	111.0	30.0
502	502.0	1677.0	111.0	30.0
503	503.0	1684.0	110.0	30.0
504	504.0	1684.0	110.0	30.0
505	505.0	1695.0	107.0	30.0
506	506.0	1695.0	107.0	30.0
507	507.0	1705.0	107.0	30.0
508	508.0	1705.0	107.0	30.0
509	509.0	1711.0	106.0	30.0
510	510.0	1711.0	106.0	30.0
511	511.0	1721.0	103.0	30.0
512	512.0	1721.0	103.0	30.0
513	513.0	1726.0	97.0	30.0
514	514.0	1726.0	97.0	30.0
515	515.0	1734.0	94.0	30.0
516	516.0	1734.0	94.0	30.0
517	517.0	1741.0	92.0	30.0
518	518.0	1741.0	92.0	30.0
519	519.0	1749.0	92.0	30.0
520	520.0	1749.0	92.0	30.0
521	521.0	1763.0	90.0	30.0
522	522.0	1763.0	90.0	30.0
523	523.0	1769.0	87.0	30.0
524	524.0	1769.0	87.0	30.0
525	525.0	1773.0	86.0	30.0
526	526.0	1773.0	86.0	30.0
527	527.0	1782.0	83.0	30.0
528	528.0	1782.0	83.0	30.0
529	529.0	1784.0	82.0	30.0
530	530.0	1784.0	82.0	30.0
531	531.0	1786.0	81.0	30.0
532	532.0	1786.0	81.0	30.0
533	533.0	1795.0	80.0	30.0
534	534.0	1795.0	80.0	30.0
535	535.0	1803.0	77.0	30.0
536	536.0	1803.0	77.0	30.0
537	537.0	1805.0	76.0	30.0
538	538.0	1805.0	76.0	30.0
539	539.0	1808.0	75.0	30.0
540	540.0	1808.0	75.0	30.0
541	541.0	1810.0	73.0	30.0
542	542.0	1810.0	73.0	30.0
543	543.0	1818.0	71.0	30.0
544	544.0	1818.0	71.0	30.0
545	545.0	1821.0	71.0	30.0
546	546.0	1821.0	71.0	30.0
547	547.0	1828.0	69.0	30.0
548	548.0	1828.0	69.0	30.0
549	549.0	1830.0	68.0	30.0
550	550.0	1830.0	68.0	30.0
551	551.0	1836.0	68.0	30.0
552	552.0	1836.0	68.0	30.0
553	553.0	1836.0	66.0	30.0
554	554.0	1836.0	66.0	30.0
555	555.0	1838.0	63.0	30.0
556	556.0	1838.0	63.0	30.0
557	557.0	1845.0	63.0	30.0
558	558.0	1845.0	63.0	30.0
559	559.0	1853.0	60.0	30.0
560	560.0	1853.0	60.0	30.0
561	561.0	1855.0	60.0	30.0
562	562.0	1855.0	60.0	30.0
563	563.0	1859.0	59.0	30.0
564	564.0	1859.0	59.0	30.0
565	565.0	1861.0	58.0	30.0
566	566.0	1861.0	58.0	30.0
567	567.0	1868.0	57.0	30.0
568	568.0	1868.0	57.0	30.0
569	569.0	1872.0	57.0	30.0
570	570.0	1872.0	57.0	30.0
571	571.0	1875.0	57.0	30.0
572	572.0	1875.0	57.0	30.0
573	573.0	1877.0	56.0	30.0
574	574.0	1877.0	56.0	30.0
575	575.0	1881.0	56.0	30.0
576	576.0	1881.0	56.0	30.0
577	577.0	1883.0	56.0	30.0
578	578.0	1883.0	56.0	30.0
579	579.0	1886.0	56.0	30.0
580	580.0	1886.0	56.0	30.0
581	581.0	1888.0	56.0	30.0
582	582.0	1888.0	56.0	30.0
583	583.0	1891.0	58.0	30.0
584	584.0	1891.0	58.0	30.0
585	585.0	1894.0	58.0	30.0
586	586.0	1894.0	58.0	30.0
587	587.0	1901.0	58.0	30.0
588	588.0	1901.0	58.0	30.0
589	589.0	1904.0	59.0	30.0
590	590.0	1904.0	59.0	30.0
591	591.0	1909.0	58.0	30.0
592	592.0	1909.0	58.0	30.0
593	593.0	1911.0	58.0	30.0
594	594.0	1911.0	58.0	30.0
595	595.0	1914.0	58.0	30.0
596	596.0	1914.0	58.0	30.0
597	597.0	1917.0	58.0	30.0
598	598.0	1917.0	58.0	30.0
599	599.0	1921.0	58.0	30.0
600	600.0	1921.0	58.0	30.0
601	601.0	1924.0	57.0	30.0
602	602.0	1924.0	57.0	30.0
603	603.0	1925.0	57.0	30.0
604	604.0	1925.0	57.0	30.0
605	605.0	1930.0	57.0	30.0
606	606.0	1930.0	57.0	30.0
607	607.0	1933.0	56.0	30.0
608	608.0	1933.0	56.0	30.0
609	609.0	1937.0	56.0	30.0
610	610.0	1937.0	56.0	30.0
611	611.0	1943.0	56.0	30.0
612	612.0	1943.0	56.0	30.0
613	613.0	1945.0	56.0	30.0
614	614.0	1945.0	56.0	30.0
615	615.0	1948.0	57.0	30.0
616	616.0	1948.0	57.0	30.0
617	617.0	1951.0	57.0	30.0
618	618.0	1951.0	57.0	30.0
619	619.0	1954.0	56.0	30.0
620	620.0	1954.0	56.0	30.0
621	621.0	1956.0	58.0	30.0
622	622.0	1956.0	58.0	30.0
623	623.0	1963.0	57.0	30.0
624	624.0	1963.0	57.0	30.0
625	625.0	1970.0	57.0	30.0
626	626.0	1970.0	57.0	30.0
627	627.0	1978.0	57.0	30.0
628	628.0	1978.0	57.0	30.0
629	629.0	1981.0	57.0	30.0
630	630.0	1981.0	57.0	30.0
631	631.0	1986.0	57.0	30.0
632	632.0	1986.0	57.0	30.0
633	633.0	1996.0	57.0	30.0
634	634.0	1996.0	57.0	30.0
635	635.0	2004.0	56.0	30.0
636	636.0	2004.0	56.0	30.0
637	637.0	2011.0	58.0	30.0
638	638.0	2011.0	58.0	30.0
639	639.0	2014.0	58.0	31.0
640	640.0	2014.0	58.0	31.0
641	641.0	2020.0	59.0	32.0
642	642.0	2020.0	59.0	32.0
643	643.0	2026.0	59.0	32.0
644	644.0	2026.0	59.0	32.0
645	645.0	2032.0	58.0	33.0
646	646.0	2032.0	58.0	33.0
647	647.0	2039.0	58.0	34.0
648	648.0	2039.0	58.0	34.0
649	649.0	2043.0	58.0	35.0
650	650.0	2043.0	58.0	35.0
651	651.0	2049.0	58.0	39.0
652	652.0	2049.0	58.0	39.0
653	653.0	2052.0	59.0	39.0
654	654.0	2052.0	59.0	39.0
655	655.0	2054.0	59.0	42.0
656	656.0	2054.0	59.0	42.0
657	657.0	2058.0	60.0	43.0
658	658.0	2058.0	60.0	43.0
659	659.0	2060.0	64.0	46.0
660	660.0	2060.0	64.0	46.0
661	661.0	2058.0	65.0	51.0
662	662.0	2058.0	65.0	51.0
663	663.0	2054.0	65.0	55.0
664	664.0	2054.0	65.0	55.0
665	665.0	2053.0	66.0	60.0
666	666.0	2053.0	66.0	60.0
667	667.0	2049.0	67.0	66.0
668	668.0	2049.0	67.0	66.0
669	669.0	2045.0	67.0	73.0
670	670.0	2045.0	67.0	73.0
671	671.0	2040.0	68.0	79.0
672	672.0	2040.0	68.0	79.0
673	673.0	2033.0	69.0	86.0
674	674.0	2033.0	69.0	86.0
675	675.0	2030.0	70.0	88.0
676	676.0	2030.0	70.0	88.0
677	677.0	2026.0	74.0	93.0
678	678.0	2026.0	74.0	93.0
679	679.0	2018.0	75.0	102.0
680	680.0	2018.0	75.0	102.0
681	681.0	2009.0	79.0	108.0
682	682.0	2009.0	79.0	108.0
683	683.0	2006.0	81.0	113.0
684	684.0	2006.0	81.0	113.0
685	685.0	1993.0	84.0	123.0
686	686.0	1993.0	84.0	123.0
687	687.0	1980.0	86.0	134.0
688	688.0	1980.0	86.0	134.0
689	689.0	1973.0	88.0	140.0
690	690.0	1973.0	88.0	140.0
691	691.0	1967.0	89.0	145.0
692	692.0	1967.0	89.0	145.0
693	693.0	1959.0	91.0	151.0
694	694.0	1959.0	91.0	151.0
695	695.0	1956.0	92.0	155.0
696	696.0	1956.0	92.0	155.0
697	697.0	1946.0	96.0	161.0
698	698.0	1946.0	96.0	161.0
699	699.0	1941.0	103.0	161.0
700	700.0	1941.0	103.0	161.0
701	701.0	1936.0	104.0	166.0
702	702.0	1936.0	104.0	166.0
703	703.0	1926.0	110.0	171.0
704	704.0	1926.0	110.0	171.0
705	705.0	1919.0	113.0	176.0
706	706.0	1919.0	113.0	176.0
707	707.0	1912.0	116.0	180.0
708	708.0	1912.0	116.0	180.0
709	709.0	1904.0	117.0	187.0
710	710.0	1904.0	117.0	187.0
711	711.0	1903.0	118.0	191.0
712	712.0	1903.0	118.0	191.0
713	713.0	1896.0	122.0	194.0
714	714.0	1896.0	122.0	194.0
715	715.0	1890.0	124.0	199.0
716	716.0	1890.0	124.0	199.0
717	717.0	1886.0	124.0	202.0
718	718.0	1886.0	124.0	202.0
719	719.0	1884.0	126.0	203.0
720	720.0	1884.0	126.0	203.0
721	721.0	1878.0	131.0	205.0
722	722.0	1878.0	131.0	205.0
723	723.0	1872.0	137.0	205.0
724	724.0	1872.0	137.0	205.0
725	725.0	1865.0	141.0	208.0
726	726.0	1865.0	141.0	208.0
727	727.0	1863.0	141.0	210.0
728	728.0	1863.0	141.0	210.0
729	729.0	1859.0	143.0	211.0
730	730.0	1859.0	143.0	211.0
731	731.0	1855.0	145.0	213.0
732	732.0	1855.0	145.0	213.0
733	733.0	1853.0	148.0	213.0
734	734.0	1853.0	148.0	213.0
735	735.0	1849.0	149.0	216.0
736	736.0	1849.0	149.0	216.0
737	737.0	1843.0	153.0	218.0
738	738.0	1843.0	153.0	218.0
739	739.0	1835.0	158.0	221.0
740	740.0	1835.0	158.0	221.0
741	741.0	1833.0	160.0	221.0
742	742.0	1833.0	160.0	221.0
743	743.0	1831.0	162.0	222.0
744	744.0	1831.0	162.0	222.0
745	745.0	1828.0	165.0	222.0
746	746.0	1828.0	165.0	222.0
747	747.0	1827.0	169.0	222.0
748	748.0	1827.0	169.0	222.0
749	749.0	1826.0	171.0	222.0
750	750.0	1826.0	171.0	222.0
751	751.0	1826.0	171.0	222.0
752	752.0	1826.0	171.0	222.0
753	753.0	1826.0	170.0	222.0
754	754.0	1826.0	170.0	222.0
755	755.0	1827.0	170.0	222.0
756	756.0	1827.0	170.0	222.0
757	757.0	1825.0	170.0	223.0
758	758.0	1825.0	170.0	223.0
759	759.0	1825.0	170.0	223.0
760	760.0	1825.0	170.0	223.0
761	761.0	1825.0	171.0	223.0
762	762.0	1825.0	171.0	223.0
763	763.0	1825.0	172.0	223.0
764	764.0	1825.0	172.0	223.0
765	765.0	1824.0	173.0	223.0
766	766.0	1824.0	173.0	223.0
767	767.0	1823.0	173.0	225.0
768	768.0	1823.0	173.0	225.0
769	769.0	1824.0	173.0	226.0
770	770.0	1824.0	173.0	226.0
771	771.0	1825.0	176.0	226.0
772	772.0	1825.0	176.0	226.0
773	773.0	1826.0	176.0	226.0
774	774.0	1826.0	176.0	226.0
775	775.0	1826.0	176.0	226.0
776	776.0	1826.0	176.0	226.0
777	777.0	1828.0	176.0	226.0
778	778.0	1828.0	176.0	226.0
779	779.0	1828.0	177.0	226.0
780	780.0	1828.0	177.0	226.0
781	781.0	1827.0	178.0	226.0
782	782.0	1827.0	178.0	226.0
783	783.0	1826.0	179.0	226.0
784	784.0	1826.0	179.0	226.0
785	785.0	1825.0	180.0	226.0
786	786.0	1825.0	180.0	226.0
787	787.0	1823.0	181.0	226.0
788	788.0	1823.0	181.0	226.0
789	789.0	1823.0	181.0	226.0
790	790.0	1823.0	181.0	226.0
791	791.0	1823.0	181.0	226.0
792	792.0	1823.0	181.0	226.0
793	793.0	1823.0	181.0	226.0
794	794.0	1823.0	181.0	226.0
795	795.0	1823.0	182.0	226.0
796	796.0	1823.0	182.0	226.0
797	797.0	1824.0	182.0	226.0
798	798.0	1824.0	182.0	226.0
799	799.0	1823.0	181.0	226.0
800	800.0	1823.0	181.0	226.0
801	801.0	1824.0	181.0	226.0
802	802.0	1824.0	181.0	226.0
803	803.0	1824.0	181.0	226.0
804	804.0	1824.0	181.0	226.0
805	805.0	1824.0	181.0	226.0
806	806.0	1824.0	181.0	226.0
807	807.0	1827.0	181.0	226.0
808	808.0	1827.0	181.0	226.0
809	809.0	1828.0	181.0	226.0
810	810.0	1828.0	181.0	226.0
811	811.0	1830.0	181.0	226.0
812	812.0	1830.0	181.0	226.0
813	813.0	1831.0	181.0	226.0
814	814.0	1831.0	181.0	226.0
815	815.0	1833.0	182.0	226.0
816	816.0	1833.0	182.0	226.0
817	817.0	1834.0	181.0	226.0
818	818.0	1834.0	181.0	226.0
819	819.0	1838.0	181.0	226.0
820	820.0	1838.0	181.0	226.0
821	821.0	1837.0	182.0	226.0
822	822.0	1837.0	182.0	226.0
823	823.0	1840.0	182.0	226.0
824	824.0	1840.0	182.0	226.0
825	825.0	1840.0	183.0	226.0
826	826.0	1840.0	183.0	226.0
827	827.0	1841.0	183.0	226.0
828	828.0	1841.0	183.0	226.0
829	829.0	1842.0	183.0	226.0
830	830.0	1842.0	183.0	226.0
831	831.0	1842.0	182.0	226.0
832	832.0	1842.0	182.0	226.0
833	833.0	1844.0	182.0	226.0
834	834.0	1844.0	182.0	226.0
835	835.0	1847.0	182.0	226.0
836	836.0	1847.0	182.0	226.0
837	837.0	1848.0	182.0	226.0
838	838.0	1848.0	182.0	226.0
839	839.0	1849.0	182.0	226.0
840	840.0	1849.0	182.0	226.0
841	841.0	1852.0	183.0	226.0
842	842.0	1852.0	183.0	226.0
843	843.0	1852.0	182.0	226.0
844	844.0	1852.0	182.0	226.0
845	845.0	1853.0	182.0	226.0
846	846.0	1853.0	182.0	226.0
847	847.0	1856.0	182.0	226.0
848	848.0	1856.0	182.0	226.0
849	849.0	1855.0	184.0	226.0
850	850.0	1855.0	184.0	226.0
851	851.0	1855.0	183.0	226.0
852	852.0	1855.0	183.0	226.0
853	853.0	1859.0	183.0	226.0
854	854.0	1859.0	183.0	226.0
855	855.0	1861.0	183.0	226.0
856	856.0	1861.0	183.0	226.0
857	857.0	1864.0	184.0	226.0
858	858.0	1864.0	184.0	226.0
859	859.0	1866.0	182.0	226.0
860	860.0	1866.0	182.0	226.0
861	861.0	1867.0	181.0	226.0
862	862.0	1867.0	181.0	226.0
863	863.0	1868.0	181.0	226.0
864	864.0	1868.0	181.0	226.0
865	865.0	1869.0	180.0	226.0
866	866.0	1869.0	180.0	226.0
867	867.0	1869.0	179.0	226.0
868	868.0	1869.0	179.0	226.0
869	869.0	1876.0	178.0	226.0
870	870.0	1876.0	178.0	226.0
871	871.0	1879.0	179.0	226.0
872	872.0	1879.0	179.0	226.0
873	873.0	1881.0	179.0	226.0
874	874.0	1881.0	179.0	226.0
875	875.0	1881.0	179.0	226.0
876	876.0	1881.0	179.0	226.0
877	877.0	1881.0	179.0	226.0
878	878.0	1881.0	179.0	226.0
879	879.0	1883.0	179.0	226.0
880	880.0	1883.0	179.0	226.0
881	881.0	1886.0	179.0	226.0
882	882.0	1886.0	179.0	226.0
883	883.0	1887.0	176.0	226.0
884	884.0	1887.0	176.0	226.0
885	885.0	1891.0	174.0	226.0
886	886.0	1891.0	174.0	226.0
887	887.0	1894.0	174.0	226.0
888	888.0	1894.0	174.0	226.0
889	889.0	1896.0	173.0	226.0
890	890.0	1896.0	173.0	226.0
891	891.0	1895.0	174.0	226.0
892	892.0	1895.0	174.0	226.0
893	893.0	1897.0	173.0	226.0
894	894.0	1897.0	173.0	226.0
895	895.0	1898.0	173.0	226.0
896	896.0	1898.0	173.0	226.0
897	897.0	1899.0	173.0	226.0
898	898.0	1899.0	173.0	226.0
899	899.0	1901.0	174.0	226.0
900	900.0	1901.0	174.0	226.0
901	901.0	1903.0	173.0	226.0
902	902.0	1903.0	173.0	226.0
903	903.0	1905.0	174.0	226.0
904	904.0	1905.0	174.0	226.0
905	905.0	1908.0	174.0	226.0
906	906.0	1908.0	174.0	226.0
907	907.0	1908.0	172.0	226.0
908	908.0	1908.0	172.0	226.0
909	909.0	1911.0	171.0	226.0
910	910.0	1911.0	171.0	226.0
911	911.0	1917.0	171.0	226.0
912	912.0	1917.0	171.0	226.0
913	913.0	1920.0	172.0	226.0
914	914.0	1920.0	172.0	226.0
915	915.0	1922.0	172.0	226.0
916	916.0	1922.0	172.0	226.0
917	917.0	1921.0	173.0	226.0
918	918.0	1921.0	173.0	226.0
919	919.0	1925.0	173.0	226.0
920	920.0	1925.0	173.0	226.0
921	921.0	1927.0	172.0	226.0
922	922.0	1927.0	172.0	226.0
923	923.0	1931.0	172.0	226.0
924	924.0	1931.0	172.0	226.0
925	925.0	1934.0	171.0	226.0
926	926.0	1934.0	171.0	226.0
927	927.0	1940.0	171.0	226.0
928	928.0	1940.0	171.0	226.0
929	929.0	1944.0	171.0	226.0
930	930.0	1944.0	171.0	226.0
931	931.0	1947.0	171.0	226.0
932	932.0	1947.0	171.0	226.0
933	933.0	1951.0	171.0	226.0
934	934.0	1951.0	171.0	226.0
935	935.0	1951.0	172.0	226.0
936	936.0	1951.0	172.0	226.0
937	937.0	1954.0	172.0	226.0
938	938.0	1954.0	172.0	226.0
939	939.0	1957.0	172.0	226.0
940	940.0	1957.0	172.0	226.0
941	941.0	1960.0	172.0	226.0
942	942.0	1960.0	172.0	226.0
943	943.0	1962.0	172.0	226.0
944	944.0	1962.0	172.0	226.0
945	945.0	1965.0	172.0	226.0
946	946.0	1965.0	172.0	226.0
947	947.0	1971.0	172.0	226.0
948	948.0	1971.0	172.0	226.0
949	949.0	1976.0	170.0	226.0
950	950.0	1976.0	170.0	226.0
951	951.0	1979.0	170.0	226.0
952	952.0	1979.0	170.0	226.0
953	953.0	1982.0	168.0	226.0
954	954.0	1982.0	168.0	226.0
955	955.0	1990.0	168.0	226.0
956	956.0	1990.0	168.0	226.0
957	957.0	1995.0	168.0	226.0
958	958.0	1995.0	168.0	226.0
959	959.0	1997.0	168.0	226.0
960	960.0	1997.0	168.0	226.0
961	961.0	2000.0	168.0	226.0
962	962.0	2000.0	168.0	226.0
963	963.0	2002.0	170.0	226.0
964	964.0	2002.0	170.0	226.0
965	965.0	2004.0	169.0	226.0
966	966.0	2004.0	169.0	226.0
967	967.0	2009.0	168.0	226.0
968	968.0	2009.0	168.0	226.0
969	969.0	2011.0	169.0	226.0
970	970.0	2011.0	169.0	226.0
971	971.0	2012.0	169.0	226.0
972	972.0	2012.0	169.0	226.0
973	973.0	2020.0	169.0	226.0
974	974.0	2020.0	169.0	226.0
975	975.0	2024.0	169.0	226.0
976	976.0	2024.0	169.0	226.0
977	977.0	2027.0	169.0	226.0
978	978.0	2027.0	169.0	226.0
979	979.0	2031.0	169.0	226.0
980	980.0	2031.0	169.0	226.0
981	981.0	2033.0	169.0	226.0
982	982.0	2033.0	169.0	226.0
983	983.0	2037.0	169.0	226.0
984	984.0	2037.0	169.0	226.0
985	985.0	2043.0	168.0	226.0
986	986.0	2043.0	168.0	226.0
987	987.0	2048.0	168.0	226.0
988	988.0	2048.0	168.0	226.0
989	989.0	2052.0	169.0	226.0
990	990.0	2052.0	169.0	226.0
991	991.0	2054.0	170.0	226.0
992	992.0	2054.0	170.0	226.0
993	993.0	2058.0	170.0	226.0
994	994.0	2058.0	170.0	226.0
995	995.0	2067.0	168.0	226.0
996	996.0	2067.0	168.0	226.0
997	997.0	2073.0	167.0	226.0
998	998.0	2073.0	167.0	226.0
999	999.0	2076.0	166.0	226.0
1000	1000.0	2076.0	166.0	226.0
1001	1001.0	2079.0	165.0	226.0
1002	1002.0	2079.0	165.0	226.0
1003	1003.0	2086.0	161.0	226.0
1004	1004.0	2086.0	161.0	226.0
1005	1005.0	2091.0	160.0	226.0
1006	1006.0	2091.0	160.0	226.0
1007	1007.0	2096.0	159.0	226.0
1008	1008.0	2096.0	159.0	226.0
1009	1009.0	2110.0	159.0	226.0
1010	1010.0	2110.0	159.0	226.0
1011	1011.0	2119.0	157.0	226.0
1012	1012.0	2119.0	157.0	226.0
1013	1013.0	2126.0	156.0	226.0
1014	1014.0	2126.0	156.0	226.0
1015	1015.0	2129.0	156.0	226.0
1016	1016.0	2129.0	156.0	226.0
1017	1017.0	2137.0	155.0	226.0
1018	1018.0	2137.0	155.0	226.0
1019	1019.0	2141.0	155.0	226.0
1020	1020.0	2141.0	155.0	226.0
1021	1021.0	2149.0	154.0	226.0
1022	1022.0	2149.0	154.0	226.0
1023	1023.0	2162.0	152.0	226.0
1024	1024.0	2162.0	152.0	226.0
1025	1025.0	2165.0	152.0	226.0
1026	1026.0	2165.0	152.0	226.0
1027	1027.0	2173.0	150.0	226.0
1028	1028.0	2173.0	150.0	226.0
1029	1029.0	2176.0	149.0	226.0
1030	1030.0	2176.0	149.0	226.0
1031	1031.0	2184.0	144.0	226.0
1032	1032.0	2184.0	144.0	226.0
1033	1033.0	2192.0	142.0	226.0
1034	1034.0	2192.0	142.0	226.0
1035	1035.0	2196.0	140.0	226.0
1036	1036.0	2196.0	140.0	226.0
1037	1037.0	2203.0	142.0	226.0
1038	1038.0	2203.0	142.0	226.0
1039	1039.0	2210.0	140.0	226.0
1040	1040.0	2210.0	140.0	226.0
1041	1041.0	2215.0	139.0	226.0
1042	1042.0	2215.0	139.0	226.0
1043	1043.0	2224.0	139.0	226.0
1044	1044.0	2224.0	139.0	226.0
1045	1045.0	2233.0	135.0	226.0
1046	1046.0	2233.0	135.0	226.0
1047	1047.0	2245.0	134.0	226.0
1048	1048.0	2245.0	134.0	226.0
1049	1049.0	2255.0	134.0	226.0
1050	1050.0	2255.0	134.0	226.0
1051	1051.0	2259.0	129.0	226.0
1052	1052.0	2259.0	129.0	226.0
1053	1053.0	2271.0	127.0	226.0
1054	1054.0	2271.0	127.0	226.0
1055	1055.0	2280.0	126.0	226.0
1056	1056.0	2280.0	126.0	226.0
1057	1057.0	2289.0	126.0	226.0
1058	1058.0	2289.0	126.0	226.0
1059	1059.0	2298.0	124.0	226.0
1060	1060.0	2298.0	124.0	226.0
1061	1061.0	2304.0	123.0	226.0
1062	1062.0	2304.0	123.0	226.0
1063	1063.0	2314.0	124.0	226.0
1064	1064.0	2314.0	124.0	226.0
1065	1065.0	2326.0	121.0	226.0
1066	1066.0	2326.0	121.0	226.0
1067	1067.0	2336.0	118.0	226.0
1068	1068.0	2336.0	118.0	226.0
1069	1069.0	2346.0	116.0	226.0
1070	1070.0	2346.0	116.0	226.0
1071	1071.0	2358.0	116.0	226.0
1072	1072.0	2358.0	116.0	226.0
1073	1073.0	2372.0	116.0	226.0
1074	1074.0	2372.0	116.0	226.0
1075	1075.0	2380.0	114.0	226.0
1076	1076.0	2380.0	114.0	226.0
1077	1077.0	2388.0	113.0	226.0
1078	1078.0	2388.0	113.0	226.0
1079	1079.0	2393.0	111.0	226.0
1080	1080.0	2393.0	111.0	226.0
1081	1081.0	2403.0	110.0	226.0
1082	1082.0	2403.0	110.0	226.0
1083	1083.0	2414.0	107.0	226.0
1084	1084.0	2414.0	107.0	226.0
1085	1085.0	2427.0	103.0	226.0
1086	1086.0	2427.0	103.0	226.0
1087	1087.0	2434.0	103.0	226.0
1088	1088.0	2434.0	103.0	226.0
1089	1089.0	2447.0	103.0	226.0
1090	1090.0	2447.0	103.0	226.0
1091	1091.0	2454.0	101.0	226.0
1092	1092.0	2454.0	101.0	226.0
1093	1093.0	2465.0	100.0	226.0
1094	1094.0	2465.0	100.0	226.0
1095	1095.0	2479.0	100.0	226.0
1096	1096.0	2479.0	100.0	226.0
1097	1097.0	2490.0	100.0	226.0
1098	1098.0	2490.0	100.0	226.0
1099	1099.0	2499.0	100.0	226.0
1100	1100.0	2499.0	100.0	226.0
1101	1101.0	2505.0	100.0	226.0
1102	1102.0	2505.0	100.0	226.0
1103	1103.0	2522.0	100.0	226.0
1104	1104.0	2522.0	100.0	226.0
1105	1105.0	2536.0	99.0	226.0
1106	1106.0	2536.0	99.0	226.0
1107	1107.0	2551.0	99.0	226.0
1108	1108.0	2551.0	99.0	226.0
1109	1109.0	2564.0	99.0	226.0
1110	1110.0	2564.0	99.0	226.0
1111	1111.0	2574.0	98.0	226.0
1112	1112.0	2574.0	98.0	226.0
1113	1113.0	2583.0	98.0	226.0
1114	1114.0	2583.0	98.0	226.0
1115	1115.0	2593.0	97.0	226.0
1116	1116.0	2593.0	97.0	226.0
1117	1117.0	2599.0	101.0	226.0
1118	1118.0	2599.0	101.0	226.0
1119	1119.0	2614.0	99.0	226.0
1120	1120.0	2614.0	99.0	226.0
1121	1121.0	2624.0	98.0	226.0
1122	1122.0	2624.0	98.0	226.0
1123	1123.0	2635.0	99.0	226.0
1124	1124.0	2635.0	99.0	226.0
1125	1125.0	2641.0	97.0	226.0
1126	1126.0	2641.0	97.0	226.0
1127	1127.0	2653.0	96.0	226.0
1128	1128.0	2653.0	96.0	226.0
1129	1129.0	2668.0	93.0	226.0
1130	1130.0	2668.0	93.0	226.0
1131	1131.0	2682.0	93.0	226.0
1132	1132.0	2682.0	93.0	226.0
1133	1133.0	2692.0	91.0	226.0
1134	1134.0	2692.0	91.0	226.0
1135	1135.0	2706.0	91.0	226.0
1136	1136.0	2706.0	91.0	226.0
1137	1137.0	2719.0	91.0	226.0
1138	1138.0	2719.0	91.0	226.0
1139	1139.0	2735.0	92.0	226.0
1140	1140.0	2735.0	92.0	226.0
1141	1141.0	2754.0	93.0	226.0
1142	1142.0	2754.0	93.0	226.0
1143	1143.0	2771.0	91.0	226.0
1144	1144.0	2771.0	91.0	226.0
1145	1145.0	2783.0	89.0	226.0
1146	1146.0	2783.0	89.0	226.0
1147	1147.0	2791.0	88.0	226.0
1148	1148.0	2791.0	88.0	226.0
1149	1149.0	2807.0	87.0	226.0
1150	1150.0	2807.0	87.0	226.0
1151	1151.0	2819.0	85.0	226.0
1152	1152.0	2819.0	85.0	226.0
1153	1153.0	2828.0	82.0	226.0
1154	1154.0	2828.0	82.0	226.0
1155	1155.0	2837.0	81.0	226.0
1156	1156.0	2837.0	81.0	226.0
1157	1157.0	2853.0	79.0	226.0
1158	1158.0	2853.0	79.0	226.0
1159	1159.0	2869.0	78.0	226.0
1160	1160.0	2869.0	78.0	226.0
1161	1161.0	2882.0	77.0	226.0
1162	1162.0	2882.0	77.0	226.0
1163	1163.0	2890.0	77.0	226.0
1164	1164.0	2890.0	77.0	226.0
1165	1165.0	2910.0	76.0	226.0
1166	1166.0	2910.0	76.0	226.0
1167	1167.0	2921.0	76.0	226.0
1168	1168.0	2921.0	76.0	226.0
1169	1169.0	2932.0	75.0	226.0
1170	1170.0	2932.0	75.0	226.0
1171	1171.0	2945.0	74.0	226.0
1172	1172.0	2945.0	74.0	226.0
1173	1173.0	2956.0	72.0	226.0
1174	1174.0	2956.0	72.0	226.0
1175	1175.0	2970.0	73.0	226.0
1176	1176.0	2970.0	73.0	226.0
1177	1177.0	2981.0	73.0	226.0
1178	1178.0	2981.0	73.0	226.0
1179	1179.0	2991.0	73.0	226.0
1180	1180.0	2991.0	73.0	226.0
1181	1181.0	3003.0	72.0	226.0
1182	1182.0	3003.0	72.0	226.0
1183	1183.0	3014.0	71.0	226.0
1184	1184.0	3014.0	71.0	226.0
1185	1185.0	3025.0	71.0	226.0
1186	1186.0	3025.0	71.0	226.0
1187	1187.0	3035.0	72.0	226.0
1188	1188.0	3035.0	72.0	226.0
1189	1189.0	3046.0	72.0	226.0
1190	1190.0	3046.0	72.0	226.0
1191	1191.0	3058.0	68.0	226.0
1192	1192.0	3058.0	68.0	226.0
1193	1193.0	3065.0	69.0	226.0
1194	1194.0	3065.0	69.0	226.0
1195	1195.0	3072.0	69.0	226.0
1196	1196.0	3072.0	69.0	226.0
1197	1197.0	3078.0	68.0	226.0
1198	1198.0	3078.0	68.0	226.0
1199	1199.0	3090.0	69.0	226.0
1200	1200.0	3090.0	69.0	226.0
1201	1201.0	3101.0	68.0	226.0
1202	1202.0	3101.0	68.0	226.0
1203	1203.0	3108.0	70.0	226.0
1204	1204.0	3108.0	70.0	226.0
1205	1205.0	3120.0	69.0	226.0
1206	1206.0	3120.0	69.0	226.0
1207	1207.0	3126.0	68.0	226.0
1208	1208.0	3126.0	68.0	226.0
1209	1209.0	3133.0	68.0	226.0
1210	1210.0	3133.0	68.0	226.0
1211	1211.0	3142.0	69.0	226.0
1212	1212.0	3142.0	69.0	226.0
1213	1213.0	3145.0	70.0	226.0
1214	1214.0	3145.0	70.0	226.0
1215	1215.0	3156.0	68.0	226.0
1216	1216.0	3156.0	68.0	226.0
1217	1217.0	3162.0	69.0	226.0
1218	1218.0	3162.0	69.0	226.0
1219	1219.0	3168.0	69.0	226.0
1220	1220.0	3168.0	69.0	226.0
1221	1221.0	3174.0	69.0	226.0
1222	1222.0	3174.0	69.0	226.0
1223	1223.0	3180.0	69.0	226.0
1224	1224.0	3180.0	69.0	226.0
1225	1225.0	3185.0	69.0	226.0
1226	1226.0	3185.0	69.0	226.0
1227	1227.0	3192.0	70.0	226.0
1228	1228.0	3192.0	70.0	226.0
1229	1229.0	3208.0	71.0	226.0
1230	1230.0	3208.0	71.0	226.0
1231	1231.0	3213.0	71.0	226.0
1232	1232.0	3213.0	71.0	226.0
1233	1233.0	3223.0	70.0	226.0
1234	1234.0	3223.0	70.0	226.0
1235	1235.0	3227.0	71.0	226.0
1236	1236.0	3227.0	71.0	226.0
1237	1237.0	3233.0	71.0	226.0
1238	1238.0	3233.0	71.0	226.0
1239	1239.0	3238.0	72.0	226.0
1240	1240.0	3238.0	72.0	226.0
1241	1241.0	3239.0	72.0	228.0
1242	1242.0	3239.0	72.0	228.0
1243	1243.0	3243.0	72.0	229.0
1244	1244.0	3243.0	72.0	229.0
1245	1245.0	3252.0	72.0	229.0
1246	1246.0	3252.0	72.0	229.0
1247	1247.0	3258.0	72.0	229.0
1248	1248.0	3258.0	72.0	229.0
1249	1249.0	3265.0	72.0	229.0
1250	1250.0	3265.0	72.0	229.0
1251	1251.0	3266.0	72.0	234.0
1252	1252.0	3266.0	72.0	234.0
1253	1253.0	3267.0	73.0	237.0
1254	1254.0	3267.0	73.0	237.0
1255	1255.0	3270.0	73.0	240.0
1256	1256.0	3270.0	73.0	240.0
1257	1257.0	3272.0	73.0	246.0
1258	1258.0	3272.0	73.0	246.0
1259	1259.0	3274.0	74.0	250.0
1260	1260.0	3274.0	74.0	250.0
1261	1261.0	3274.0	74.0	257.0
1262	1262.0	3274.0	74.0	257.0
1263	1263.0	3275.0	74.0	260.0
1264	1264.0	3275.0	74.0	260.0
1265	1265.0	3274.0	75.0	266.0
1266	1266.0	3274.0	75.0	266.0
1267	1267.0	3272.0	75.0	271.0
1268	1268.0	3272.0	75.0	271.0
1269	1269.0	3264.0	75.0	282.0
1270	1270.0	3264.0	75.0	282.0
1271	1271.0	3262.0	76.0	288.0
1272	1272.0	3262.0	76.0	288.0
1273	1273.0	3257.0	78.0	295.0
1274	1274.0	3257.0	78.0	295.0
1275	1275.0	3245.0	77.0	310.0
1276	1276.0	3245.0	77.0	310.0
1277	1277.0	3245.0	78.0	315.0
1278	1278.0	3245.0	78.0	315.0
1279	1279.0	3245.0	79.0	319.0
1280	1280.0	3245.0	79.0	319.0
1281	1281.0	3242.0	79.0	327.0
1282	1282.0	3242.0	79.0	327.0
1283	1283.0	3239.0	81.0	335.0
1284	1284.0	3239.0	81.0	335.0
1285	1285.0	3235.0	82.0	344.0
1286	1286.0	3235.0	82.0	344.0
1287	1287.0	3226.0	86.0	352.0
1288	1288.0	3226.0	86.0	352.0
1289	1289.0	3220.0	90.0	358.0
1290	1290.0	3220.0	90.0	358.0
1291	1291.0	3213.0	92.0	366.0
1292	1292.0	3213.0	92.0	366.0
1293	1293.0	3195.0	101.0	376.0
1294	1294.0	3195.0	101.0	376.0
1295	1295.0	3187.0	101.0	384.0
1296	1296.0	3187.0	101.0	384.0
1297	1297.0	3180.0	101.0	392.0
1298	1298.0	3180.0	101.0	392.0
1299	1299.0	3175.0	103.0	398.0
1300	1300.0	3175.0	103.0	398.0
1301	1301.0	3168.0	108.0	403.0
1302	1302.0	3168.0	108.0	403.0
1303	1303.0	3161.0	113.0	410.0
1304	1304.0	3161.0	113.0	410.0
1305	1305.0	3154.0	119.0	413.0
1306	1306.0	3154.0	119.0	413.0
1307	1307.0	3145.0	126.0	416.0
1308	1308.0	3145.0	126.0	416.0
1309	1309.0	3139.0	130.0	418.0
1310	1310.0	3139.0	130.0	418.0
1311	1311.0	3133.0	134.0	424.0
1312	1312.0	3133.0	134.0	424.0
1313	1313.0	3129.0	137.0	430.0
1314	1314.0	3129.0	137.0	430.0
1315	1315.0	3124.0	140.0	434.0
1316	1316.0	3124.0	140.0	434.0
1317	1317.0	3118.0	144.0	437.0
1318	1318.0	3118.0	144.0	437.0
1319	1319.0	3111.0	148.0	441.0
1320	1320.0	3111.0	148.0	441.0
1321	1321.0	3106.0	152.0	442.0
1322	1322.0	3106.0	152.0	442.0
1323	1323.0	3099.0	155.0	446.0
1324	1324.0	3099.0	155.0	446.0
1325	1325.0	3092.0	160.0	449.0
1326	1326.0	3092.0	160.0	449.0
1327	1327.0	3090.0	160.0	451.0
1328	1328.0	3090.0	160.0	451.0
1329	1329.0	3087.0	164.0	454.0
1330	1330.0	3087.0	164.0	454.0
1331	1331.0	3082.0	165.0	458.0
1332	1332.0	3082.0	165.0	458.0
1333	1333.0	3081.0	169.0	459.0
1334	1334.0	3081.0	169.0	459.0
1335	1335.0	3075.0	174.0	460.0
1336	1336.0	3075.0	174.0	460.0
1337	1337.0	3075.0	176.0	460.0
1338	1338.0	3075.0	176.0	460.0
1339	1339.0	3074.0	177.0	461.0
1340	1340.0	3074.0	177.0	461.0
1341	1341.0	3072.0	179.0	463.0
1342	1342.0	3072.0	179.0	463.0
1343	1343.0	3069.0	181.0	463.0
1344	1344.0	3069.0	181.0	463.0
1345	1345.0	3069.0	182.0	463.0
1346	1346.0	3069.0	182.0	463.0
1347	1347.0	3066.0	184.0	464.0
1348	1348.0	3066.0	184.0	464.0
1349	1349.0	3065.0	184.0	464.0
1350	1350.0	3065.0	184.0	464.0
1351	1351.0	3061.0	186.0	466.0
1352	1352.0	3061.0	186.0	466.0
1353	1353.0	3059.0	185.0	468.0
1354	1354.0	3059.0	185.0	468.0
1355	1355.0	3056.0	186.0	470.0
1356	1356.0	3056.0	186.0	470.0
1357	1357.0	3052.0	188.0	472.0
1358	1358.0	3052.0	188.0	472.0
1359	1359.0	3052.0	188.0	472.0
1360	1360.0	3052.0	188.0	472.0
1361	1361.0	3049.0	188.0	474.0
1362	1362.0	3049.0	188.0	474.0
1363	1363.0	3049.0	189.0	474.0
1364	1364.0	3049.0	189.0	474.0
1365	1365.0	3048.0	191.0	474.0
1366	1366.0	3048.0	191.0	474.0
1367	1367.0	3048.0	190.0	474.0
1368	1368.0	3048.0	190.0	474.0
1369	1369.0	3049.0	191.0	474.0
1370	1370.0	3049.0	191.0	474.0
1371	1371.0	3051.0	191.0	474.0
1372	1372.0	3051.0	191.0	474.0
1373	1373.0	3049.0	193.0	474.0
1374	1374.0	3049.0	193.0	474.0
1375	1375.0	3047.0	195.0	474.0
1376	1376.0	3047.0	195.0	474.0
1377	1377.0	3046.0	196.0	474.0
1378	1378.0	3046.0	196.0	474.0
1379	1379.0	3044.0	198.0	474.0
1380	1380.0	3044.0	198.0	474.0
1381	1381.0	3044.0	197.0	474.0
1382	1382.0	3044.0	197.0	474.0
1383	1383.0	3045.0	196.0	474.0
1384	1384.0	3045.0	196.0	474.0
1385	1385.0	3048.0	196.0	474.0
1386	1386.0	3048.0	196.0	474.0
1387	1387.0	3048.0	196.0	474.0
1388	1388.0	3048.0	196.0	474.0
1389	1389.0	3046.0	197.0	475.0
1390	1390.0	3046.0	197.0	475.0
1391	1391.0	3046.0	197.0	475.0
1392	1392.0	3046.0	197.0	475.0
1393	1393.0	3046.0	197.0	475.0
1394	1394.0	3046.0	197.0	475.0
1395	1395.0	3045.0	198.0	475.0
1396	1396.0	3045.0	198.0	475.0
1397	1397.0	3042.0	201.0	475.0
1398	1398.0	3042.0	201.0	475.0
1399	1399.0	3042.0	202.0	475.0
1400	1400.0	3042.0	202.0	475.0
1401	1401.0	3044.0	201.0	475.0
1402	1402.0	3044.0	201.0	475.0
1403	1403.0	3044.0	201.0	475.0
1404	1404.0	3044.0	201.0	475.0
1405	1405.0	3044.0	202.0	475.0
1406	1406.0	3044.0	202.0	475.0
1407	1407.0	3043.0	202.0	476.0
1408	1408.0	3043.0	202.0	476.0
1409	1409.0	3044.0	202.0	476.0
1410	1410.0	3044.0	202.0	476.0
1411	1411.0	3047.0	201.0	476.0
1412	1412.0	3047.0	201.0	476.0
1413	1413.0	3048.0	201.0	476.0
1414	1414.0	3048.0	201.0	476.0
1415	1415.0	3049.0	199.0	476.0
1416	1416.0	3049.0	199.0	476.0
1417	1417.0	3049.0	200.0	476.0
1418	1418.0	3049.0	200.0	476.0
1419	1419.0	3049.0	201.0	476.0
1420	1420.0	3049.0	201.0	476.0
1421	1421.0	3050.0	200.0	476.0
1422	1422.0	3050.0	200.0	476.0
1423	1423.0	3050.0	199.0	476.0
1424	1424.0	3050.0	199.0	476.0
1425	1425.0	3050.0	199.0	476.0
1426	1426.0	3050.0	199.0	476.0
1427	1427.0	3050.0	199.0	476.0
1428	1428.0	3050.0	199.0	476.0
1429	1429.0	3052.0	200.0	476.0
1430	1430.0	3052.0	200.0	476.0
1431	1431.0	3053.0	199.0	476.0
1432	1432.0	3053.0	199.0	476.0
1433	1433.0	3051.0	200.0	476.0
1434	1434.0	3051.0	200.0	476.0
1435	1435.0	3051.0	200.0	476.0
1436	1436.0	3051.0	200.0	476.0
1437	1437.0	3053.0	200.0	476.0
1438	1438.0	3053.0	200.0	476.0
1439	1439.0	3058.0	200.0	476.0
1440	1440.0	3058.0	201.0	476.0
